employee_id,survey_date,engagement_score,satisfaction_score,work_life_balance_score,survey_year,survey_month
1001,2022-10-10,2,5,5.0,2022,10
1002,2023-08-03,4,5,3.0,2023,8
1003,2023-01-03,2,5,2.0,2023,1
1004,2023-07-30,3,5,3.0,2023,7
1005,2023-06-19,2,4,5.0,2023,6
1006,2023-05-03,5,2,1.0,2023,5
1007,2023-07-18,2,1,5.0,2023,7
1008,2023-06-21,5,2,2.0,2023,6
1009,2023-06-06,2,5,1.0,2023,6
1010,2022-09-15,2,4,2.0,2022,9
1011,2022-12-08,1,2,3.0,2022,12
1012,2023-01-13,3,5,4.0,2023,1
1013,2022-12-13,5,4,3.0,2022,12
1014,2023-06-28,4,4,1.0,2023,6
1015,2023-07-11,1,1,3.0,2023,7
1016,2022-12-09,2,3,2.0,2022,12
1017,2023-07-16,4,1,3.0,2023,7
1018,2023-06-21,4,1,4.0,2023,6
1019,2023-06-21,1,3,5.0,2023,6
1020,2023-08-01,2,1,2.0,2023,8
1021,2023-03-09,5,1,4.0,2023,3
1022,2023-02-12,1,4,4.0,2023,2
1023,2023-01-17,4,4,3.0,2023,1
1024,2022-10-12,5,3,1.0,2022,10
1025,2023-01-24,4,1,4.0,2023,1
1026,2022-10-09,5,2,5.0,2022,10
1027,2023-04-05,2,3,5.0,2023,4
1028,2023-03-26,5,5,4.0,2023,3
1029,2022-11-07,3,5,4.0,2022,11
1030,2023-01-03,4,4,1.0,2023,1
1031,2023-02-27,5,3,2.0,2023,2
1032,2023-05-22,5,4,4.0,2023,5
1033,2023-07-02,3,1,3.0,2023,7
1034,2023-07-09,2,5,1.0,2023,7
1035,2023-07-19,1,5,5.0,2023,7
1036,2022-08-09,5,2,1.0,2022,8
1037,2022-11-25,5,1,4.0,2022,11
1038,2023-03-10,5,1,2.0,2023,3
1039,2022-12-03,2,4,5.0,2022,12
1040,2022-09-27,5,3,1.0,2022,9
1041,2023-01-19,3,1,4.0,2023,1
1042,2023-02-17,1,3,4.0,2023,2
1043,2023-02-25,1,1,3.0,2023,2
1044,2022-11-26,2,4,5.0,2022,11
1045,2022-08-08,1,4,1.0,2022,8
1046,2023-02-18,3,5,4.0,2023,2
1047,2023-05-12,4,2,3.0,2023,5
1048,2022-10-19,3,1,4.0,2022,10
1049,2023-07-27,3,5,2.0,2023,7
1050,2023-07-03,4,5,1.0,2023,7
1051,2023-01-01,2,4,5.0,2023,1
1052,2022-11-19,1,4,4.0,2022,11
1053,2022-10-12,2,1,4.0,2022,10
1054,2023-07-05,1,5,2.0,2023,7
1055,2022-09-23,3,4,1.0,2022,9
1056,2023-01-17,4,2,2.0,2023,1
1057,2023-03-12,3,2,5.0,2023,3
1058,2023-03-06,4,2,1.0,2023,3
1059,2023-03-29,4,3,3.0,2023,3
1060,2023-07-01,5,5,4.0,2023,7
1061,2023-02-05,3,3,1.0,2023,2
1062,2023-01-03,3,2,1.0,2023,1
1063,2023-07-25,5,2,4.0,2023,7
1064,2022-12-14,5,4,4.0,2022,12
1065,2023-01-20,5,3,4.0,2023,1
1066,2023-07-15,4,3,5.0,2023,7
1067,2023-06-10,3,2,5.0,2023,6
1068,2022-10-09,3,2,2.0,2022,10
1069,2023-02-04,3,1,2.0,2023,2
1070,2023-03-05,3,1,2.0,2023,3
1071,2023-05-15,1,2,2.0,2023,5
1072,2023-02-18,2,2,3.0,2023,2
1073,2023-02-16,4,4,2.0,2023,2
1074,2023-02-10,3,4,1.0,2023,2
1075,2023-04-10,1,2,3.0,2023,4
1076,2023-04-11,1,3,1.0,2023,4
1077,2022-10-12,5,2,4.0,2022,10
1078,2023-07-28,3,3,4.0,2023,7
1079,2022-10-08,2,2,1.0,2022,10
1080,2023-03-04,3,1,3.0,2023,3
1081,2023-03-03,1,3,3.0,2023,3
1082,2023-02-27,1,4,1.0,2023,2
1083,2023-01-09,5,5,3.0,2023,1
1084,2023-02-19,1,2,4.0,2023,2
1085,2023-01-09,5,5,3.0,2023,1
1086,2023-03-14,1,1,5.0,2023,3
1087,2023-05-03,1,5,2.0,2023,5
1088,2023-04-20,4,3,1.0,2023,4
1089,2023-04-19,3,1,5.0,2023,4
1090,2023-05-16,4,3,4.0,2023,5
1091,2023-04-22,2,4,3.0,2023,4
1092,2023-03-08,1,4,1.0,2023,3
1093,2023-03-05,3,1,4.0,2023,3
1094,2023-01-22,5,4,5.0,2023,1
1095,2023-03-17,1,2,1.0,2023,3
1096,2022-12-17,1,3,2.0,2022,12
1097,2022-10-31,1,2,5.0,2022,10
1098,2022-12-28,2,2,2.0,2022,12
1099,2023-08-04,1,5,5.0,2023,8
1100,2022-09-10,1,4,5.0,2022,9
1101,2023-03-21,1,1,3.0,2023,3
1102,2023-03-02,5,1,4.0,2023,3
1103,2022-11-06,5,3,1.0,2022,11
1104,2022-12-21,1,4,2.0,2022,12
1105,2023-02-15,1,4,1.0,2023,2
1106,2023-01-31,2,3,3.0,2023,1
1107,2022-10-18,4,5,1.0,2022,10
1108,2023-07-24,4,5,3.0,2023,7
1109,2022-10-16,4,5,4.0,2022,10
1110,2023-02-23,1,1,4.0,2023,2
1111,2023-05-11,4,1,1.0,2023,5
1112,2023-07-06,4,1,1.0,2023,7
1113,2023-04-09,3,3,5.0,2023,4
1114,2023-03-03,1,3,3.0,2023,3
1115,2023-03-11,4,1,3.0,2023,3
1116,2022-12-16,3,4,4.0,2022,12
1117,2023-07-29,4,5,1.0,2023,7
1118,2023-02-22,1,5,3.0,2023,2
1119,2023-04-16,4,4,5.0,2023,4
1120,2023-06-05,3,3,4.0,2023,6
1121,2023-01-21,1,1,4.0,2023,1
1122,2022-12-04,2,1,2.0,2022,12
1123,2023-06-10,2,3,1.0,2023,6
1124,2023-02-27,3,2,3.0,2023,2
1125,2023-03-17,4,3,4.0,2023,3
1126,2023-04-23,3,3,2.0,2023,4
1127,2023-01-27,5,1,3.0,2023,1
1128,2023-02-18,4,2,4.0,2023,2
1129,2022-10-31,1,1,1.0,2022,10
1130,2023-05-07,1,5,4.0,2023,5
1131,2023-05-11,4,4,4.0,2023,5
1132,2023-07-15,1,5,5.0,2023,7
1133,2023-06-15,1,2,4.0,2023,6
1134,2022-12-29,4,1,2.0,2022,12
1135,2023-02-23,5,4,4.0,2023,2
1136,2023-04-09,2,5,2.0,2023,4
1137,2022-11-12,3,3,5.0,2022,11
1138,2022-10-19,4,5,1.0,2022,10
1139,2022-08-27,2,4,2.0,2022,8
1140,2023-05-04,5,3,2.0,2023,5
1141,2022-12-26,5,5,2.0,2022,12
1142,2023-06-21,4,4,4.0,2023,6
1143,2022-12-13,2,4,2.0,2022,12
1144,2022-11-03,5,3,2.0,2022,11
1145,2022-10-24,3,3,4.0,2022,10
1146,2022-09-21,3,2,2.0,2022,9
1147,2023-03-19,1,3,5.0,2023,3
1148,2023-04-02,4,1,3.0,2023,4
1149,2022-11-03,3,2,5.0,2022,11
1150,2022-12-28,3,4,4.0,2022,12
1151,2022-12-12,5,3,1.0,2022,12
1152,2022-12-14,1,1,5.0,2022,12
1153,2023-02-28,3,4,2.0,2023,2
1154,2023-06-09,1,3,2.0,2023,6
1155,2022-08-25,2,3,1.0,2022,8
1156,2023-05-12,1,5,2.0,2023,5
1157,2023-06-06,1,4,2.0,2023,6
1158,2023-03-17,2,4,4.0,2023,3
1159,2023-02-18,1,2,4.0,2023,2
1160,2022-08-20,4,2,3.0,2022,8
1161,2023-04-09,3,4,4.0,2023,4
1162,2022-10-05,3,3,2.0,2022,10
1163,2022-12-14,1,2,3.0,2022,12
1164,2022-10-23,5,5,5.0,2022,10
1165,2023-01-09,3,3,1.0,2023,1
1166,2023-02-27,2,1,4.0,2023,2
1167,2023-05-22,2,3,4.0,2023,5
1168,2022-08-28,2,2,2.0,2022,8
1169,2023-08-03,1,3,2.0,2023,8
1170,2023-02-05,1,5,4.0,2023,2
1171,2023-06-24,4,1,4.0,2023,6
1172,2023-06-19,1,3,2.0,2023,6
1173,2023-06-16,5,5,2.0,2023,6
1174,2023-03-06,2,1,5.0,2023,3
1175,2023-04-22,2,1,2.0,2023,4
1176,2022-10-17,2,2,5.0,2022,10
1177,2022-08-12,2,2,5.0,2022,8
1178,2023-05-03,2,1,2.0,2023,5
1179,2023-07-10,3,5,1.0,2023,7
1180,2023-05-15,4,3,1.0,2023,5
1181,2023-07-05,5,5,4.0,2023,7
1182,2022-08-25,2,4,5.0,2022,8
1183,2023-03-07,4,5,5.0,2023,3
1184,2022-10-03,1,3,1.0,2022,10
1185,2022-08-13,1,2,4.0,2022,8
1186,2023-05-12,3,3,5.0,2023,5
1187,2022-11-19,4,1,1.0,2022,11
1188,2023-07-16,4,1,1.0,2023,7
1189,2023-07-19,5,5,3.0,2023,7
1190,2023-04-07,2,5,3.0,2023,4
1191,2023-07-13,4,4,4.0,2023,7
1192,2022-12-24,3,1,1.0,2022,12
1193,2022-08-15,5,2,3.0,2022,8
1194,2022-12-04,5,4,2.0,2022,12
1195,2023-01-30,5,3,2.0,2023,1
1196,2023-06-02,4,5,4.0,2023,6
1197,2022-11-09,3,5,4.0,2022,11
1198,2022-12-12,3,2,2.0,2022,12
1199,2023-06-27,3,3,3.0,2023,6
1200,2023-04-19,4,5,1.0,2023,4
1201,2023-02-23,2,4,4.0,2023,2
1202,2022-08-14,1,3,2.0,2022,8
1203,2022-10-03,3,5,3.0,2022,10
1204,2023-06-22,1,4,3.0,2023,6
1205,2023-04-07,2,1,2.0,2023,4
1206,2022-10-17,3,4,2.0,2022,10
1207,2022-08-06,2,1,2.0,2022,8
1208,2022-08-18,5,1,5.0,2022,8
1209,2023-05-28,1,3,1.0,2023,5
1210,2022-10-24,4,5,1.0,2022,10
1211,2023-03-16,3,3,1.0,2023,3
1212,2023-01-31,4,5,4.0,2023,1
1213,2022-09-28,1,2,4.0,2022,9
1214,2023-06-02,1,5,3.0,2023,6
1215,2022-10-25,2,1,5.0,2022,10
1216,2022-09-09,4,1,1.0,2022,9
1217,2022-08-23,5,5,1.0,2022,8
1218,2023-02-27,2,3,1.0,2023,2
1219,2023-07-17,2,2,2.0,2023,7
1220,2023-05-08,5,2,4.0,2023,5
1221,2022-08-17,5,5,3.0,2022,8
1222,2023-03-31,5,2,1.0,2023,3
1223,2023-05-07,4,1,4.0,2023,5
1224,2023-05-20,4,2,3.0,2023,5
1225,2022-11-05,1,2,4.0,2022,11
1226,2023-04-04,4,5,4.0,2023,4
1227,2022-12-12,1,2,2.0,2022,12
1228,2023-01-21,2,5,3.0,2023,1
1229,2023-05-20,4,2,5.0,2023,5
1230,2022-11-30,5,4,4.0,2022,11
1231,2023-03-13,2,2,1.0,2023,3
1232,2022-08-22,2,1,5.0,2022,8
1233,2023-05-01,5,5,3.0,2023,5
1234,2022-12-11,4,1,5.0,2022,12
1235,2023-03-23,5,5,3.0,2023,3
1236,2023-07-25,1,4,1.0,2023,7
1237,2023-07-11,4,3,1.0,2023,7
1238,2022-12-29,1,3,3.0,2022,12
1239,2022-10-07,4,5,5.0,2022,10
1240,2023-08-02,1,4,3.0,2023,8
1241,2023-01-16,4,4,3.0,2023,1
1242,2023-07-28,4,4,1.0,2023,7
1243,2023-05-04,5,2,3.0,2023,5
1244,2022-08-17,2,3,5.0,2022,8
1245,2022-09-23,3,5,5.0,2022,9
1246,2023-01-12,4,3,2.0,2023,1
1247,2022-11-13,2,4,5.0,2022,11
1248,2022-12-05,5,3,2.0,2022,12
1249,2022-12-22,2,4,2.0,2022,12
1250,2023-04-26,4,5,1.0,2023,4
1251,2022-12-03,5,5,3.0,2022,12
1252,2023-06-10,2,3,2.0,2023,6
1253,2023-01-10,2,4,2.0,2023,1
1254,2023-06-18,3,1,5.0,2023,6
1255,2022-11-03,3,1,1.0,2022,11
1256,2022-10-24,4,4,2.0,2022,10
1257,2023-07-19,2,1,1.0,2023,7
1258,2023-04-16,3,5,4.0,2023,4
1259,2022-10-17,1,3,4.0,2022,10
1260,2023-02-21,5,2,5.0,2023,2
1261,2023-07-13,2,5,4.0,2023,7
1262,2022-12-16,3,4,1.0,2022,12
1263,2023-01-24,4,5,3.0,2023,1
1264,2023-04-21,3,5,4.0,2023,4
1265,2023-06-28,4,2,5.0,2023,6
1266,2023-03-29,1,3,1.0,2023,3
1267,2023-04-25,4,1,5.0,2023,4
1268,2023-04-18,2,1,2.0,2023,4
1269,2022-09-19,1,2,4.0,2022,9
1270,2023-03-16,5,5,1.0,2023,3
1271,2023-01-13,3,1,5.0,2023,1
1272,2022-10-31,4,2,3.0,2022,10
1273,2023-02-26,1,4,2.0,2023,2
1274,2023-03-19,2,1,5.0,2023,3
1275,2022-08-19,2,5,3.0,2022,8
1276,2023-06-01,1,4,5.0,2023,6
1277,2023-08-01,4,3,3.0,2023,8
1278,2023-05-28,2,4,5.0,2023,5
1279,2022-10-11,3,3,5.0,2022,10
1280,2022-11-12,3,2,2.0,2022,11
1281,2023-05-31,4,2,1.0,2023,5
1282,2022-10-04,3,3,1.0,2022,10
1283,2022-11-19,2,1,2.0,2022,11
1284,2022-11-24,5,1,5.0,2022,11
1285,2023-07-05,3,2,2.0,2023,7
1286,2023-04-13,1,5,1.0,2023,4
1287,2023-07-30,3,5,2.0,2023,7
1288,2023-07-15,2,4,5.0,2023,7
1289,2023-05-09,5,3,1.0,2023,5
1290,2023-04-12,5,4,2.0,2023,4
1291,2023-05-24,5,4,5.0,2023,5
1293,2023-03-15,2,3,2.0,2023,3
1294,2023-08-03,5,4,2.0,2023,8
1295,2023-02-18,3,3,3.0,2023,2
1296,2023-02-07,1,1,5.0,2023,2
1297,2022-08-10,2,4,4.0,2022,8
1298,2022-12-06,1,2,1.0,2022,12
1299,2023-07-02,1,2,2.0,2023,7
1300,2022-10-07,1,3,1.0,2022,10
1301,2023-01-21,1,4,2.0,2023,1
1302,2023-06-04,1,2,4.0,2023,6
1303,2023-01-01,5,3,5.0,2023,1
1304,2023-04-11,3,5,1.0,2023,4
1305,2023-02-22,2,5,2.0,2023,2
1306,2022-11-12,1,3,5.0,2022,11
1307,2022-11-18,1,5,1.0,2022,11
1308,2022-08-28,4,5,2.0,2022,8
1309,2022-09-07,1,1,3.0,2022,9
1310,2023-04-24,3,4,3.0,2023,4
1311,2023-03-09,5,2,3.0,2023,3
1312,2022-09-25,2,5,2.0,2022,9
1313,2023-07-18,5,4,1.0,2023,7
1314,2023-03-28,5,5,3.0,2023,3
1315,2022-11-29,5,1,1.0,2022,11
1316,2023-07-20,3,4,3.0,2023,7
1317,2023-05-05,4,2,2.0,2023,5
1318,2023-05-21,5,4,2.0,2023,5
1319,2023-06-14,4,2,5.0,2023,6
1320,2023-01-12,5,1,5.0,2023,1
1321,2023-04-30,1,5,5.0,2023,4
1322,2023-01-17,1,5,2.0,2023,1
1323,2023-05-02,5,1,5.0,2023,5
1324,2022-11-16,5,3,3.0,2022,11
1325,2022-12-17,1,5,3.0,2022,12
1326,2023-03-04,5,3,1.0,2023,3
1327,2023-03-23,5,3,4.0,2023,3
1328,2022-11-07,1,4,3.0,2022,11
1329,2023-05-23,3,2,5.0,2023,5
1330,2022-09-25,3,5,2.0,2022,9
1331,2023-05-16,3,2,5.0,2023,5
1332,2023-04-13,1,2,5.0,2023,4
1333,2023-01-29,3,4,5.0,2023,1
1334,2022-12-21,1,3,1.0,2022,12
1335,2022-10-09,4,5,5.0,2022,10
1336,2023-03-09,5,1,4.0,2023,3
1337,2022-11-01,3,3,4.0,2022,11
1338,2022-10-20,1,1,1.0,2022,10
1339,2022-12-02,1,3,2.0,2022,12
1340,2023-05-28,5,4,4.0,2023,5
1341,2023-05-15,1,3,4.0,2023,5
1342,2022-12-20,3,2,2.0,2022,12
1343,2022-09-07,1,2,3.0,2022,9
1344,2022-08-23,1,4,5.0,2022,8
1345,2022-08-28,2,4,4.0,2022,8
1346,2023-04-28,4,2,3.0,2023,4
1347,2023-02-28,4,3,1.0,2023,2
1348,2022-11-01,2,2,4.0,2022,11
1349,2023-04-21,1,2,3.0,2023,4
1350,2023-03-05,3,4,5.0,2023,3
1351,2023-01-18,4,1,5.0,2023,1
1352,2023-06-03,4,2,1.0,2023,6
1353,2022-10-11,5,1,5.0,2022,10
1354,2023-06-21,4,4,2.0,2023,6
1355,2023-01-28,2,2,3.0,2023,1
1356,2022-08-14,1,1,1.0,2022,8
1357,2023-01-30,1,4,3.0,2023,1
1358,2023-02-25,1,2,5.0,2023,2
1359,2023-01-09,4,5,1.0,2023,1
1360,2023-03-31,5,2,1.0,2023,3
1361,2023-03-30,1,3,2.0,2023,3
1362,2023-01-11,5,2,5.0,2023,1
1363,2023-06-19,5,2,2.0,2023,6
1364,2023-05-03,2,2,4.0,2023,5
1365,2022-10-08,5,1,2.0,2022,10
1366,2022-08-17,1,4,2.0,2022,8
1367,2023-07-20,1,4,3.0,2023,7
1368,2022-10-04,2,2,2.0,2022,10
1369,2023-03-08,2,4,3.0,2023,3
1370,2023-07-19,1,2,1.0,2023,7
1371,2023-05-19,1,1,2.0,2023,5
1372,2023-07-30,3,1,4.0,2023,7
1373,2023-06-12,1,2,5.0,2023,6
1374,2023-02-08,5,5,4.0,2023,2
1375,2022-09-28,1,3,2.0,2022,9
1376,2023-06-12,4,3,5.0,2023,6
1377,2023-03-05,5,5,4.0,2023,3
1378,2023-02-03,1,4,5.0,2023,2
1379,2023-02-28,5,2,5.0,2023,2
1380,2022-12-27,1,1,2.0,2022,12
1381,2023-07-10,2,2,1.0,2023,7
1382,2022-11-30,2,1,1.0,2022,11
1383,2022-09-02,4,1,5.0,2022,9
1384,2023-05-05,2,3,4.0,2023,5
1385,2022-09-11,3,1,3.0,2022,9
1386,2023-03-18,2,4,5.0,2023,3
1387,2023-03-29,5,1,2.0,2023,3
1388,2023-07-15,5,2,4.0,2023,7
1389,2023-02-25,4,4,3.0,2023,2
1390,2023-01-23,2,3,4.0,2023,1
1391,2022-08-11,4,1,1.0,2022,8
1392,2022-09-19,4,4,3.0,2022,9
1393,2023-06-17,4,4,4.0,2023,6
1394,2023-07-07,1,2,2.0,2023,7
1395,2023-05-31,4,1,2.0,2023,5
1396,2023-07-07,2,1,3.0,2023,7
1397,2023-03-31,3,2,3.0,2023,3
1398,2023-04-07,1,1,1.0,2023,4
1399,2023-03-07,1,4,4.0,2023,3
1400,2023-05-17,2,3,3.0,2023,5
1401,2022-11-04,2,5,3.0,2022,11
1402,2023-07-13,2,4,4.0,2023,7
1403,2022-12-25,1,3,2.0,2022,12
1404,2023-02-18,1,2,2.0,2023,2
1405,2023-04-29,3,3,3.0,2023,4
1406,2023-05-15,4,1,5.0,2023,5
1407,2023-02-16,3,3,1.0,2023,2
1408,2023-06-07,3,3,3.0,2023,6
1409,2023-05-17,2,2,1.0,2023,5
1410,2023-04-02,2,2,4.0,2023,4
1411,2023-06-25,5,4,5.0,2023,6
1412,2023-06-16,4,3,5.0,2023,6
1413,2022-10-31,4,3,2.0,2022,10
1414,2022-08-13,1,4,4.0,2022,8
1415,2022-09-16,2,2,1.0,2022,9
1416,2023-05-11,5,4,3.0,2023,5
1417,2022-12-31,3,5,2.0,2022,12
1418,2022-11-25,2,1,3.0,2022,11
1419,2023-02-11,4,2,1.0,2023,2
1420,2023-06-12,1,2,4.0,2023,6
1421,2022-09-03,3,5,5.0,2022,9
1422,2023-04-10,1,5,2.0,2023,4
1423,2023-03-23,2,5,5.0,2023,3
1424,2022-09-03,4,4,5.0,2022,9
1425,2022-09-06,2,3,1.0,2022,9
1426,2023-07-11,4,5,5.0,2023,7
1427,2023-02-09,1,2,3.0,2023,2
1428,2023-06-04,3,5,2.0,2023,6
1429,2023-03-23,1,4,3.0,2023,3
1430,2022-09-15,2,2,2.0,2022,9
1431,2022-10-28,2,1,1.0,2022,10
1432,2022-10-13,4,3,4.0,2022,10
1433,2022-08-06,5,1,3.0,2022,8
1434,2022-10-21,1,2,3.0,2022,10
1435,2023-03-23,4,2,3.0,2023,3
1436,2023-07-09,1,2,2.0,2023,7
1437,2023-01-06,4,5,5.0,2023,1
1438,2023-01-21,1,4,1.0,2023,1
1439,2022-11-29,3,1,3.0,2022,11
1440,2022-11-02,3,1,4.0,2022,11
1441,2023-04-07,1,1,5.0,2023,4
1442,2023-01-11,2,4,2.0,2023,1
1443,2023-06-12,5,2,3.0,2023,6
1444,2022-12-21,5,5,3.0,2022,12
1445,2022-11-17,2,2,4.0,2022,11
1446,2023-06-15,1,1,5.0,2023,6
1447,2022-08-17,4,4,1.0,2022,8
1448,2022-10-23,1,1,3.0,2022,10
1449,2022-08-11,4,2,2.0,2022,8
1450,2023-04-22,5,1,2.0,2023,4
1451,2022-12-27,4,3,4.0,2022,12
1452,2022-08-14,4,4,5.0,2022,8
1453,2022-09-12,1,5,1.0,2022,9
1454,2023-07-28,2,2,1.0,2023,7
1455,2023-07-04,2,2,4.0,2023,7
1456,2022-08-31,2,1,5.0,2022,8
1457,2023-07-02,2,1,1.0,2023,7
1458,2023-02-06,2,2,4.0,2023,2
1459,2022-09-10,5,2,5.0,2022,9
1460,2023-02-23,2,3,1.0,2023,2
1461,2023-04-09,1,1,2.0,2023,4
1462,2022-08-31,4,5,5.0,2022,8
1463,2023-03-13,5,4,5.0,2023,3
1464,2023-07-04,2,5,1.0,2023,7
1465,2023-06-02,1,1,3.0,2023,6
1466,2022-12-05,1,4,5.0,2022,12
1467,2022-08-13,3,4,2.0,2022,8
1468,2023-04-21,3,1,3.0,2023,4
1469,2023-02-23,4,2,4.0,2023,2
1470,2023-03-21,1,4,1.0,2023,3
1471,2022-12-23,3,4,2.0,2022,12
1472,2022-09-02,2,4,1.0,2022,9
1473,2022-12-11,5,2,1.0,2022,12
1474,2022-09-22,2,1,3.0,2022,9
1475,2023-07-25,2,3,3.0,2023,7
1476,2022-12-21,1,4,1.0,2022,12
1477,2023-02-24,5,5,3.0,2023,2
1478,2022-11-22,1,1,3.0,2022,11
1479,2022-08-23,3,4,2.0,2022,8
1480,2023-02-16,5,1,4.0,2023,2
1481,2023-07-24,3,5,3.0,2023,7
1482,2023-04-23,1,1,1.0,2023,4
1483,2022-08-19,3,5,4.0,2022,8
1484,2022-12-25,5,2,1.0,2022,12
1485,2022-12-14,1,2,1.0,2022,12
1486,2023-03-05,5,5,2.0,2023,3
1487,2023-05-20,4,4,2.0,2023,5
1488,2023-03-14,2,2,4.0,2023,3
1489,2022-10-13,3,5,2.0,2022,10
1490,2023-03-06,2,3,4.0,2023,3
1491,2023-03-29,1,3,3.0,2023,3
1492,2023-04-17,4,5,2.0,2023,4
1493,2022-12-06,2,2,4.0,2022,12
1494,2023-05-06,5,5,5.0,2023,5
1495,2022-12-30,3,3,4.0,2022,12
1496,2023-07-09,2,3,3.0,2023,7
1497,2023-07-29,5,4,5.0,2023,7
1498,2022-12-28,1,5,3.0,2022,12
1499,2022-11-28,4,2,3.0,2022,11
1500,2023-07-24,1,4,4.0,2023,7
1501,2023-05-08,5,4,4.0,2023,5
1502,2023-06-08,5,3,5.0,2023,6
1503,2022-10-24,2,2,4.0,2022,10
1504,2022-10-23,5,3,2.0,2022,10
1505,2022-11-02,2,5,4.0,2022,11
1506,2023-05-08,2,3,2.0,2023,5
1507,2023-01-19,1,2,1.0,2023,1
1508,2022-10-07,4,3,2.0,2022,10
1509,2022-09-25,5,1,3.0,2022,9
1510,2023-04-06,2,3,3.0,2023,4
1511,2022-09-17,2,3,2.0,2022,9
1512,2023-04-18,4,5,2.0,2023,4
1513,2022-11-18,5,3,5.0,2022,11
1514,2023-05-08,1,3,2.0,2023,5
1515,2022-12-14,2,3,1.0,2022,12
1516,2023-07-16,1,5,3.0,2023,7
1517,2023-01-22,4,5,3.0,2023,1
1518,2022-09-28,4,4,2.0,2022,9
1519,2023-02-25,1,3,1.0,2023,2
1520,2023-04-05,2,2,5.0,2023,4
1521,2023-06-11,4,1,3.0,2023,6
1522,2022-12-03,3,4,5.0,2022,12
1523,2022-09-20,4,4,3.0,2022,9
1524,2023-01-17,4,1,2.0,2023,1
1525,2022-10-29,2,4,1.0,2022,10
1526,2023-01-20,2,3,3.0,2023,1
1527,2023-06-02,1,1,3.0,2023,6
1528,2023-02-25,5,5,2.0,2023,2
1529,2023-04-28,3,1,3.0,2023,4
1530,2022-10-31,1,2,3.0,2022,10
1531,2022-08-23,5,5,3.0,2022,8
1532,2023-08-04,5,2,2.0,2023,8
1533,2023-06-27,1,3,2.0,2023,6
1534,2022-08-12,1,1,5.0,2022,8
1535,2022-12-08,4,2,1.0,2022,12
1536,2023-03-19,5,3,5.0,2023,3
1537,2022-08-06,5,2,4.0,2022,8
1538,2022-11-11,2,4,5.0,2022,11
1539,2023-01-22,4,4,5.0,2023,1
1540,2023-01-24,2,4,2.0,2023,1
1541,2022-12-26,1,4,1.0,2022,12
1542,2023-07-31,5,4,4.0,2023,7
1543,2023-01-07,4,1,1.0,2023,1
1544,2023-06-20,5,1,5.0,2023,6
1545,2022-08-21,2,4,2.0,2022,8
1546,2023-05-26,3,1,5.0,2023,5
1547,2022-09-24,4,4,4.0,2022,9
1548,2023-06-14,1,4,4.0,2023,6
1549,2023-07-07,2,3,1.0,2023,7
1550,2023-03-04,2,3,3.0,2023,3
1551,2023-07-08,4,4,2.0,2023,7
1552,2023-05-31,3,2,4.0,2023,5
1553,2023-01-12,3,1,5.0,2023,1
1554,2023-06-08,1,3,3.0,2023,6
1555,2022-12-19,5,1,2.0,2022,12
1556,2022-10-07,4,5,2.0,2022,10
1557,2022-08-19,4,1,2.0,2022,8
1558,2022-10-09,3,5,2.0,2022,10
1559,2023-02-04,3,1,3.0,2023,2
1560,2023-01-23,1,2,4.0,2023,1
1561,2023-04-01,5,1,3.0,2023,4
1562,2023-04-21,3,2,1.0,2023,4
1563,2023-04-23,1,4,3.0,2023,4
1564,2022-12-20,4,1,4.0,2022,12
1565,2023-06-16,5,4,5.0,2023,6
1566,2023-07-25,1,4,1.0,2023,7
1567,2023-04-12,4,2,4.0,2023,4
1568,2022-10-04,1,2,3.0,2022,10
1569,2023-03-08,1,3,1.0,2023,3
1570,2022-08-07,1,4,5.0,2022,8
1571,2023-06-04,3,2,4.0,2023,6
1572,2022-10-17,2,4,3.0,2022,10
1573,2023-06-10,1,1,3.0,2023,6
1574,2023-06-10,4,3,2.0,2023,6
1575,2022-11-16,2,3,2.0,2022,11
1576,2023-05-07,5,2,3.0,2023,5
1577,2023-03-29,5,2,1.0,2023,3
1578,2023-02-03,5,5,1.0,2023,2
1579,2023-04-15,1,3,1.0,2023,4
1580,2023-04-23,1,1,5.0,2023,4
1581,2022-12-11,1,3,5.0,2022,12
1582,2022-11-04,2,1,5.0,2022,11
1583,2023-06-27,3,3,3.0,2023,6
1584,2023-03-18,4,1,4.0,2023,3
1585,2022-12-23,5,4,4.0,2022,12
1586,2023-07-16,3,3,4.0,2023,7
1587,2023-06-27,4,5,3.0,2023,6
1588,2023-07-21,1,5,5.0,2023,7
1589,2023-04-26,2,1,1.0,2023,4
1590,2023-04-20,5,1,3.0,2023,4
1591,2023-05-10,4,3,1.0,2023,5
1592,2023-06-06,1,1,4.0,2023,6
1593,2022-10-02,1,4,1.0,2022,10
1594,2022-12-08,1,1,4.0,2022,12
1595,2023-01-12,3,4,3.0,2023,1
1596,2023-02-10,4,4,1.0,2023,2
1597,2023-07-23,2,1,4.0,2023,7
1598,2023-05-28,2,5,5.0,2023,5
1599,2022-09-13,4,5,2.0,2022,9
1600,2023-04-28,5,3,2.0,2023,4
1601,2023-01-05,4,2,5.0,2023,1
1602,2023-04-01,2,1,3.0,2023,4
1603,2022-08-31,2,5,1.0,2022,8
1604,2023-01-28,1,5,1.0,2023,1
1605,2023-05-08,2,3,3.0,2023,5
1606,2023-06-28,5,4,3.0,2023,6
1607,2023-03-18,3,5,5.0,2023,3
1608,2022-12-11,2,4,3.0,2022,12
1609,2023-04-13,5,5,4.0,2023,4
1610,2022-10-23,4,5,5.0,2022,10
1611,2023-05-21,1,2,2.0,2023,5
1612,2022-12-13,5,5,3.0,2022,12
1613,2022-09-07,4,2,1.0,2022,9
1614,2023-04-10,1,4,2.0,2023,4
1615,2023-07-27,1,1,3.0,2023,7
1616,2023-01-29,3,4,1.0,2023,1
1617,2023-02-08,5,1,2.0,2023,2
1618,2022-11-16,2,5,4.0,2022,11
1619,2023-01-05,4,2,2.0,2023,1
1620,2022-10-30,5,3,2.0,2022,10
1621,2023-05-21,4,1,3.0,2023,5
1622,2023-04-29,1,5,5.0,2023,4
1623,2022-12-18,1,2,2.0,2022,12
1624,2023-07-24,5,1,3.0,2023,7
1625,2022-08-16,5,2,2.0,2022,8
1626,2023-01-11,3,4,5.0,2023,1
1627,2022-08-06,4,4,1.0,2022,8
1628,2023-04-12,4,4,2.0,2023,4
1629,2022-09-23,1,2,4.0,2022,9
1630,2023-02-25,4,3,2.0,2023,2
1631,2023-06-24,2,4,1.0,2023,6
1632,2023-03-12,5,4,4.0,2023,3
1633,2022-12-09,4,3,2.0,2022,12
1634,2023-01-13,2,3,1.0,2023,1
1635,2022-12-19,4,4,2.0,2022,12
1636,2022-10-14,4,5,2.0,2022,10
1637,2022-10-20,4,1,2.0,2022,10
1638,2023-05-08,2,4,5.0,2023,5
1639,2022-10-12,1,2,1.0,2022,10
1640,2022-12-19,2,4,1.0,2022,12
1641,2023-03-18,5,4,4.0,2023,3
1642,2023-04-14,3,2,2.0,2023,4
1643,2022-08-23,5,3,4.0,2022,8
1644,2023-04-01,3,1,1.0,2023,4
1645,2022-09-26,5,5,5.0,2022,9
1646,2023-01-20,2,2,1.0,2023,1
1647,2023-02-16,4,2,5.0,2023,2
1648,2022-12-16,4,4,5.0,2022,12
1649,2023-07-28,3,1,2.0,2023,7
1650,2023-03-29,5,1,3.0,2023,3
1651,2022-11-01,4,4,4.0,2022,11
1652,2023-06-09,1,4,4.0,2023,6
1653,2022-12-02,2,4,5.0,2022,12
1654,2023-06-11,2,3,3.0,2023,6
1655,2022-09-25,3,1,2.0,2022,9
1656,2022-09-30,1,4,5.0,2022,9
1657,2023-07-29,1,5,1.0,2023,7
1658,2022-08-07,2,1,2.0,2022,8
1659,2023-07-11,4,5,5.0,2023,7
1660,2023-06-17,5,5,1.0,2023,6
1661,2023-02-25,5,4,4.0,2023,2
1662,2023-05-17,2,4,5.0,2023,5
1663,2023-03-10,4,2,4.0,2023,3
1664,2023-02-12,2,1,1.0,2023,2
1665,2022-08-23,4,2,3.0,2022,8
1666,2022-08-12,3,3,4.0,2022,8
1667,2022-10-24,1,3,5.0,2022,10
1668,2022-10-01,2,1,3.0,2022,10
1669,2022-09-13,3,1,2.0,2022,9
1670,2022-08-11,2,2,2.0,2022,8
1671,2023-07-08,5,3,5.0,2023,7
1672,2022-10-08,1,3,4.0,2022,10
1673,2022-08-19,3,5,5.0,2022,8
1674,2022-10-04,1,5,5.0,2022,10
1675,2023-01-25,4,1,4.0,2023,1
1676,2023-03-27,2,5,1.0,2023,3
1677,2023-03-10,5,4,5.0,2023,3
1678,2023-06-21,2,1,1.0,2023,6
1679,2023-08-01,5,4,3.0,2023,8
1680,2023-03-01,5,4,5.0,2023,3
1681,2023-05-30,2,3,4.0,2023,5
1682,2023-04-15,5,3,4.0,2023,4
1683,2022-12-29,2,4,4.0,2022,12
1684,2022-12-30,2,4,3.0,2022,12
1685,2023-01-18,1,4,2.0,2023,1
1686,2023-02-06,2,4,2.0,2023,2
1687,2023-08-03,3,4,5.0,2023,8
1688,2022-11-12,1,4,5.0,2022,11
1689,2023-04-26,5,3,5.0,2023,4
1690,2022-11-12,3,1,5.0,2022,11
1691,2022-11-30,3,1,2.0,2022,11
1692,2023-06-25,2,2,1.0,2023,6
1693,2022-12-18,3,5,1.0,2022,12
1694,2022-08-31,3,5,3.0,2022,8
1695,2023-05-25,3,3,3.0,2023,5
1696,2023-05-27,4,4,1.0,2023,5
1697,2022-10-15,1,5,2.0,2022,10
1698,2023-03-21,3,5,4.0,2023,3
1699,2023-04-25,2,4,3.0,2023,4
1700,2023-05-04,5,2,4.0,2023,5
1701,2023-04-29,5,3,2.0,2023,4
1702,2023-01-20,4,1,2.0,2023,1
1703,2023-02-16,1,1,4.0,2023,2
1704,2023-04-06,4,4,3.0,2023,4
1705,2023-04-02,4,4,1.0,2023,4
1706,2023-06-19,3,2,5.0,2023,6
1707,2022-10-21,5,4,3.0,2022,10
1708,2023-01-29,4,5,4.0,2023,1
1709,2023-05-10,5,4,2.0,2023,5
1710,2023-07-03,1,2,3.0,2023,7
1711,2023-05-05,5,1,4.0,2023,5
1712,2023-05-12,3,2,3.0,2023,5
1713,2022-10-11,4,4,5.0,2022,10
1714,2023-02-27,1,2,3.0,2023,2
1715,2023-04-16,2,2,5.0,2023,4
1716,2023-01-15,2,1,1.0,2023,1
1717,2023-03-06,4,2,5.0,2023,3
1718,2023-07-19,5,4,5.0,2023,7
1719,2023-03-29,2,3,1.0,2023,3
1720,2023-07-10,4,3,2.0,2023,7
1721,2023-06-30,5,4,4.0,2023,6
1722,2023-03-16,2,2,4.0,2023,3
1723,2022-09-16,5,1,5.0,2022,9
1724,2022-09-22,4,2,2.0,2022,9
1725,2023-04-09,2,4,5.0,2023,4
1726,2023-06-14,3,5,3.0,2023,6
1727,2022-12-22,4,2,4.0,2022,12
1728,2023-08-01,1,4,2.0,2023,8
1729,2023-02-15,1,1,2.0,2023,2
1730,2023-07-03,2,4,4.0,2023,7
1731,2023-06-23,1,4,1.0,2023,6
1732,2022-10-24,1,5,4.0,2022,10
1733,2022-10-26,4,5,3.0,2022,10
1734,2023-04-04,4,1,4.0,2023,4
1735,2023-05-10,4,4,5.0,2023,5
1736,2023-04-21,3,1,3.0,2023,4
1737,2023-03-30,4,5,2.0,2023,3
1738,2022-11-13,4,1,2.0,2022,11
1739,2022-10-10,2,5,1.0,2022,10
1740,2022-09-20,5,4,4.0,2022,9
1741,2022-08-22,3,4,2.0,2022,8
1742,2023-05-20,5,5,3.0,2023,5
1743,2023-04-20,4,1,5.0,2023,4
1744,2023-05-02,2,1,4.0,2023,5
1745,2022-11-14,4,4,3.0,2022,11
1746,2023-06-20,4,3,4.0,2023,6
1747,2023-03-28,1,4,4.0,2023,3
1748,2023-02-12,3,2,4.0,2023,2
1749,2022-08-05,1,4,5.0,2022,8
1750,2022-11-13,1,2,5.0,2022,11
1751,2022-08-24,4,4,1.0,2022,8
1752,2022-12-11,2,1,2.0,2022,12
1753,2023-05-30,5,3,3.0,2023,5
1754,2022-12-29,5,5,1.0,2022,12
1755,2022-10-17,4,1,1.0,2022,10
1756,2023-06-27,2,4,4.0,2023,6
1757,2022-08-18,5,4,5.0,2022,8
1758,2022-08-18,5,3,5.0,2022,8
1759,2022-09-16,5,2,4.0,2022,9
1760,2023-03-16,5,3,2.0,2023,3
1761,2023-02-20,3,2,1.0,2023,2
1762,2023-03-19,3,3,5.0,2023,3
1763,2022-08-18,4,2,4.0,2022,8
1764,2023-03-13,2,3,5.0,2023,3
1765,2022-12-24,5,5,2.0,2022,12
1766,2023-05-23,1,5,2.0,2023,5
1767,2022-08-09,4,1,1.0,2022,8
1768,2023-02-11,3,3,3.0,2023,2
1769,2023-02-10,4,3,5.0,2023,2
1770,2023-02-24,1,3,5.0,2023,2
1771,2023-06-03,3,2,1.0,2023,6
1772,2023-01-01,3,4,5.0,2023,1
1773,2022-11-20,5,5,2.0,2022,11
1774,2022-12-09,1,1,2.0,2022,12
1775,2023-05-10,4,2,3.0,2023,5
1776,2023-01-16,3,2,3.0,2023,1
1777,2023-02-02,1,3,1.0,2023,2
1778,2022-11-19,3,5,4.0,2022,11
1779,2022-08-22,5,3,4.0,2022,8
1780,2023-06-03,2,3,2.0,2023,6
1781,2022-09-27,2,2,4.0,2022,9
1782,2023-07-07,3,4,1.0,2023,7
1783,2023-04-21,5,2,4.0,2023,4
1784,2023-02-23,2,3,1.0,2023,2
1785,2022-08-08,4,4,5.0,2022,8
1786,2023-06-03,4,2,1.0,2023,6
1787,2023-02-23,2,5,3.0,2023,2
1788,2023-08-04,2,5,1.0,2023,8
1789,2022-10-07,4,3,1.0,2022,10
1790,2022-10-11,4,5,4.0,2022,10
1791,2022-09-18,4,5,3.0,2022,9
1792,2022-09-12,2,3,5.0,2022,9
1793,2022-09-04,1,1,2.0,2022,9
1794,2023-05-17,4,4,2.0,2023,5
1795,2023-06-10,5,1,4.0,2023,6
1796,2022-11-23,3,5,2.0,2022,11
1797,2023-05-03,3,3,5.0,2023,5
1798,2023-01-27,3,2,4.0,2023,1
1799,2023-04-28,2,5,3.0,2023,4
1800,2023-02-03,4,3,5.0,2023,2
1801,2023-06-02,3,4,3.0,2023,6
1802,2023-05-21,4,2,5.0,2023,5
1803,2023-01-19,1,3,1.0,2023,1
1804,2023-04-14,3,3,5.0,2023,4
1805,2023-07-09,3,3,1.0,2023,7
1806,2022-08-05,1,2,5.0,2022,8
1807,2023-02-03,1,4,4.0,2023,2
1808,2023-04-25,5,2,4.0,2023,4
1809,2023-04-07,5,2,1.0,2023,4
1810,2023-07-06,5,1,4.0,2023,7
1811,2022-09-11,2,5,1.0,2022,9
1812,2022-12-05,4,2,5.0,2022,12
1813,2023-06-03,3,5,3.0,2023,6
1814,2023-04-15,3,3,1.0,2023,4
1815,2022-10-23,1,4,5.0,2022,10
1816,2023-04-03,4,3,1.0,2023,4
1817,2023-02-28,3,1,5.0,2023,2
1818,2023-06-25,3,1,3.0,2023,6
1819,2022-12-11,3,1,1.0,2022,12
1820,2023-03-23,5,4,3.0,2023,3
1821,2022-11-03,1,2,1.0,2022,11
1822,2022-08-27,5,2,2.0,2022,8
1823,2023-05-12,4,4,3.0,2023,5
1824,2023-03-15,3,1,1.0,2023,3
1825,2022-10-27,1,3,3.0,2022,10
1826,2022-09-28,3,2,5.0,2022,9
1827,2022-09-25,1,3,5.0,2022,9
1828,2022-11-27,3,3,2.0,2022,11
1829,2022-08-19,2,1,2.0,2022,8
1830,2023-07-12,1,4,1.0,2023,7
1831,2023-03-25,2,2,2.0,2023,3
1832,2022-08-06,1,2,4.0,2022,8
1833,2023-01-23,4,3,2.0,2023,1
1834,2022-12-08,4,5,1.0,2022,12
1835,2023-04-11,5,2,2.0,2023,4
1836,2022-10-06,1,4,3.0,2022,10
1837,2023-01-01,1,3,3.0,2023,1
1838,2023-07-01,2,1,1.0,2023,7
1839,2023-04-28,3,3,3.0,2023,4
1840,2022-08-24,5,1,4.0,2022,8
1841,2023-03-30,3,5,3.0,2023,3
1842,2022-12-07,1,4,4.0,2022,12
1843,2023-07-31,1,5,4.0,2023,7
1844,2022-12-20,2,1,4.0,2022,12
1845,2023-06-18,1,2,5.0,2023,6
1846,2023-06-21,5,4,1.0,2023,6
1847,2022-11-23,5,2,3.0,2022,11
1848,2023-04-10,2,4,5.0,2023,4
1849,2022-09-20,2,4,4.0,2022,9
1850,2023-05-09,3,1,2.0,2023,5
1851,2023-03-01,1,1,4.0,2023,3
1852,2023-05-02,3,4,1.0,2023,5
1853,2022-08-27,4,3,5.0,2022,8
1854,2023-07-29,1,2,5.0,2023,7
1855,2023-01-31,3,3,3.0,2023,1
1856,2023-03-14,2,3,3.0,2023,3
1857,2022-08-21,1,4,1.0,2022,8
1858,2022-10-26,2,4,1.0,2022,10
1859,2023-02-17,4,2,5.0,2023,2
1860,2023-03-21,1,4,3.0,2023,3
1861,2022-09-22,1,2,4.0,2022,9
1862,2023-03-11,5,4,4.0,2023,3
1863,2023-07-04,5,2,2.0,2023,7
1864,2022-12-10,3,2,1.0,2022,12
1865,2023-01-12,1,3,4.0,2023,1
1866,2022-10-12,3,5,2.0,2022,10
1867,2023-05-08,1,5,2.0,2023,5
1868,2023-02-26,5,3,3.0,2023,2
1869,2022-08-31,1,2,3.0,2022,8
1870,2022-09-13,2,5,3.0,2022,9
1871,2022-12-12,1,4,3.0,2022,12
1872,2023-04-17,1,2,5.0,2023,4
1873,2022-08-14,5,2,3.0,2022,8
1874,2023-05-04,2,4,4.0,2023,5
1875,2023-08-05,3,1,4.0,2023,8
1876,2023-01-09,4,2,1.0,2023,1
1877,2022-09-08,2,3,2.0,2022,9
1878,2023-01-13,5,3,3.0,2023,1
1879,2023-08-05,2,3,4.0,2023,8
1880,2023-04-13,5,1,2.0,2023,4
1881,2022-09-18,3,5,3.0,2022,9
1882,2023-07-07,1,4,2.0,2023,7
1883,2022-10-09,3,4,2.0,2022,10
1884,2023-04-14,1,3,3.0,2023,4
1885,2022-09-14,1,2,4.0,2022,9
1886,2023-01-18,3,2,5.0,2023,1
1887,2023-05-07,2,3,3.0,2023,5
1888,2023-07-23,1,5,1.0,2023,7
1889,2022-10-06,5,4,4.0,2022,10
1890,2023-05-12,1,3,2.0,2023,5
1891,2022-12-22,2,5,2.0,2022,12
1892,2023-01-11,3,3,3.0,2023,1
1893,2023-06-08,2,3,4.0,2023,6
1894,2023-06-01,3,1,5.0,2023,6
1895,2022-10-18,4,5,2.0,2022,10
1896,2023-01-17,1,1,3.0,2023,1
1897,2022-09-05,2,4,5.0,2022,9
1898,2023-07-18,4,5,5.0,2023,7
1899,2023-06-28,2,4,5.0,2023,6
1900,2023-07-02,2,2,5.0,2023,7
1901,2023-06-22,4,1,5.0,2023,6
1902,2023-07-27,2,5,3.0,2023,7
1903,2022-12-17,5,5,2.0,2022,12
1904,2022-12-09,5,1,4.0,2022,12
1905,2023-04-15,5,2,1.0,2023,4
1906,2022-12-28,1,4,5.0,2022,12
1907,2023-01-18,2,4,5.0,2023,1
1908,2023-01-26,4,2,5.0,2023,1
1909,2022-11-23,3,5,2.0,2022,11
1910,2022-11-05,1,4,1.0,2022,11
1911,2023-04-08,3,4,3.0,2023,4
1912,2023-04-02,2,5,1.0,2023,4
1913,2023-01-21,5,4,2.0,2023,1
1914,2023-02-23,4,4,5.0,2023,2
1915,2023-07-11,2,3,5.0,2023,7
1916,2022-12-25,3,4,3.0,2022,12
1917,2022-10-31,5,2,3.0,2022,10
1918,2022-10-01,3,5,5.0,2022,10
1919,2023-05-22,2,3,3.0,2023,5
1920,2022-09-23,2,5,3.0,2022,9
1921,2023-02-01,3,2,5.0,2023,2
1922,2023-04-29,1,1,3.0,2023,4
1923,2023-07-29,3,4,4.0,2023,7
1924,2022-09-05,3,5,1.0,2022,9
1925,2023-04-21,1,5,3.0,2023,4
1926,2022-08-20,3,4,2.0,2022,8
1927,2022-12-13,3,2,1.0,2022,12
1928,2022-08-24,4,5,5.0,2022,8
1929,2022-12-09,4,1,3.0,2022,12
1930,2022-12-27,3,3,4.0,2022,12
1931,2023-04-16,2,3,4.0,2023,4
1932,2023-01-17,5,5,2.0,2023,1
1933,2023-05-24,2,4,5.0,2023,5
1934,2022-08-25,2,5,2.0,2022,8
1935,2023-04-20,5,1,4.0,2023,4
1936,2022-10-11,3,3,5.0,2022,10
1937,2022-08-11,4,5,4.0,2022,8
1938,2022-09-15,1,4,3.0,2022,9
1939,2023-06-13,4,5,3.0,2023,6
1940,2022-08-20,3,4,5.0,2022,8
1941,2022-09-16,3,5,4.0,2022,9
1942,2022-11-08,2,4,2.0,2022,11
1943,2022-09-22,5,5,4.0,2022,9
1944,2022-12-12,1,4,1.0,2022,12
1945,2023-02-10,1,3,4.0,2023,2
1946,2023-01-05,3,5,1.0,2023,1
1947,2023-06-28,1,3,3.0,2023,6
1948,2023-03-16,2,1,5.0,2023,3
1949,2022-09-07,5,3,4.0,2022,9
1950,2022-09-17,3,2,1.0,2022,9
1951,2023-04-20,4,1,3.0,2023,4
1952,2023-06-09,2,5,2.0,2023,6
1953,2023-04-07,4,5,4.0,2023,4
1954,2023-03-16,1,1,5.0,2023,3
1955,2022-08-27,2,3,4.0,2022,8
1956,2023-01-23,1,5,4.0,2023,1
1957,2023-03-17,5,2,2.0,2023,3
1958,2022-10-05,4,2,5.0,2022,10
1959,2023-01-04,5,3,4.0,2023,1
1960,2023-01-06,3,4,1.0,2023,1
1961,2022-12-21,2,3,1.0,2022,12
1962,2022-09-05,2,4,1.0,2022,9
1963,2022-08-23,2,5,3.0,2022,8
1964,2022-11-21,5,5,5.0,2022,11
1965,2023-02-15,3,1,1.0,2023,2
1966,2022-10-29,4,3,2.0,2022,10
1967,2023-02-26,4,2,4.0,2023,2
1968,2022-12-27,1,4,2.0,2022,12
1969,2023-04-20,4,3,3.0,2023,4
1970,2023-03-06,5,4,4.0,2023,3
1971,2023-05-27,3,2,1.0,2023,5
1972,2023-03-15,2,2,3.0,2023,3
1973,2022-08-30,4,2,3.0,2022,8
1974,2023-01-17,4,1,3.0,2023,1
1975,2023-03-24,4,4,3.0,2023,3
1976,2023-04-25,1,5,1.0,2023,4
1977,2023-03-18,2,5,4.0,2023,3
1978,2023-06-08,3,5,1.0,2023,6
1979,2023-07-17,1,4,5.0,2023,7
1980,2023-05-17,5,4,5.0,2023,5
1981,2023-03-23,5,4,3.0,2023,3
1982,2023-06-24,3,5,5.0,2023,6
1983,2022-08-16,2,5,1.0,2022,8
1984,2022-08-07,5,2,2.0,2022,8
1985,2023-03-04,5,5,2.0,2023,3
1986,2022-09-17,1,4,2.0,2022,9
1987,2023-07-18,5,1,3.0,2023,7
1988,2023-02-10,1,3,5.0,2023,2
1989,2023-05-04,4,2,5.0,2023,5
1990,2022-08-31,3,1,1.0,2022,8
1991,2023-01-26,2,1,3.0,2023,1
1992,2023-02-06,4,3,3.0,2023,2
1993,2022-12-10,5,2,4.0,2022,12
1994,2022-10-04,5,5,1.0,2022,10
1995,2023-04-23,4,3,1.0,2023,4
1996,2023-08-01,3,5,2.0,2023,8
1997,2023-02-16,3,3,2.0,2023,2
1998,2022-09-07,2,4,3.0,2022,9
1999,2023-07-12,3,2,2.0,2023,7
2000,2022-10-25,1,3,3.0,2022,10
2001,2023-02-09,5,3,5.0,2023,2
2002,2023-03-11,1,4,2.0,2023,3
2003,2023-06-19,5,5,1.0,2023,6
2004,2023-05-05,3,3,4.0,2023,5
2005,2022-11-04,2,1,2.0,2022,11
2006,2022-10-21,5,5,2.0,2022,10
2007,2023-07-28,4,1,5.0,2023,7
2008,2023-03-17,1,2,2.0,2023,3
2009,2023-02-27,5,2,2.0,2023,2
2010,2023-02-17,4,4,4.0,2023,2
2011,2023-01-27,3,2,2.0,2023,1
2012,2023-07-26,2,3,2.0,2023,7
2013,2023-03-07,4,5,4.0,2023,3
2014,2022-08-07,2,5,4.0,2022,8
2015,2022-08-13,4,3,1.0,2022,8
2016,2023-05-31,1,3,5.0,2023,5
2017,2023-07-11,2,5,4.0,2023,7
2018,2022-10-31,5,2,1.0,2022,10
2019,2023-03-21,2,1,4.0,2023,3
2020,2022-11-28,2,1,4.0,2022,11
2021,2022-08-28,1,3,4.0,2022,8
2022,2022-11-11,5,3,5.0,2022,11
2023,2022-10-10,3,4,4.0,2022,10
2024,2022-10-25,2,1,5.0,2022,10
2025,2023-05-02,1,2,4.0,2023,5
2026,2023-03-22,2,4,4.0,2023,3
2027,2023-06-15,3,1,3.0,2023,6
2028,2022-10-01,4,4,4.0,2022,10
2029,2022-09-30,2,5,1.0,2022,9
2030,2023-04-07,4,1,5.0,2023,4
2031,2023-02-09,1,3,1.0,2023,2
2032,2023-07-02,5,2,4.0,2023,7
2033,2022-10-10,4,1,5.0,2022,10
2034,2023-01-30,2,4,1.0,2023,1
2035,2023-01-11,4,2,3.0,2023,1
2036,2023-03-18,4,3,4.0,2023,3
2037,2023-01-28,2,5,4.0,2023,1
2038,2023-02-18,5,3,2.0,2023,2
2039,2022-10-06,5,2,2.0,2022,10
2040,2023-04-23,1,2,5.0,2023,4
2041,2023-06-19,1,1,5.0,2023,6
2042,2023-06-24,5,2,1.0,2023,6
2043,2023-06-07,1,3,3.0,2023,6
2044,2022-11-14,5,1,5.0,2022,11
2045,2023-06-05,3,1,4.0,2023,6
2046,2023-03-03,2,2,4.0,2023,3
2047,2022-08-24,3,5,3.0,2022,8
2048,2022-11-25,2,5,4.0,2022,11
2049,2023-06-06,3,1,3.0,2023,6
2050,2023-04-03,5,4,5.0,2023,4
2051,2022-08-12,5,2,4.0,2022,8
2052,2023-07-06,1,4,4.0,2023,7
2053,2023-06-23,5,3,1.0,2023,6
2054,2023-02-04,4,5,3.0,2023,2
2055,2022-10-28,5,4,2.0,2022,10
2056,2023-07-12,3,4,1.0,2023,7
2057,2023-05-06,4,1,3.0,2023,5
2058,2023-05-29,5,5,4.0,2023,5
2059,2023-05-09,4,4,5.0,2023,5
2060,2023-06-26,5,5,5.0,2023,6
2061,2023-05-26,2,4,3.0,2023,5
2062,2022-09-05,4,1,2.0,2022,9
2063,2023-04-06,4,5,3.0,2023,4
2064,2023-03-13,1,3,5.0,2023,3
2065,2023-01-13,5,4,4.0,2023,1
2066,2022-10-08,1,5,1.0,2022,10
2067,2023-03-14,5,2,1.0,2023,3
2068,2022-08-22,4,3,5.0,2022,8
2069,2023-07-22,3,1,5.0,2023,7
2070,2023-02-23,3,4,5.0,2023,2
2071,2022-09-15,2,1,5.0,2022,9
2072,2022-09-21,5,4,1.0,2022,9
2073,2023-02-12,1,2,2.0,2023,2
2074,2023-07-05,3,2,4.0,2023,7
2075,2023-02-27,4,5,2.0,2023,2
2076,2023-01-07,5,5,1.0,2023,1
2077,2023-07-26,4,1,1.0,2023,7
2078,2022-10-21,5,5,2.0,2022,10
2079,2023-03-03,4,2,3.0,2023,3
2080,2023-02-12,4,1,4.0,2023,2
2081,2023-02-21,1,1,4.0,2023,2
2082,2023-01-01,4,2,4.0,2023,1
2083,2023-06-26,2,2,4.0,2023,6
2084,2023-05-26,3,2,2.0,2023,5
2085,2022-10-13,3,4,4.0,2022,10
2086,2022-08-05,5,4,3.0,2022,8
2087,2022-11-14,4,4,1.0,2022,11
2088,2022-12-21,2,1,2.0,2022,12
2089,2023-06-16,5,3,3.0,2023,6
2090,2023-07-23,3,4,3.0,2023,7
2091,2023-02-21,3,1,1.0,2023,2
2092,2023-07-24,1,2,3.0,2023,7
2093,2023-02-01,2,3,1.0,2023,2
2094,2022-08-25,2,5,5.0,2022,8
2095,2023-07-21,5,3,1.0,2023,7
2096,2023-05-28,3,4,4.0,2023,5
2097,2022-08-30,2,1,4.0,2022,8
2098,2023-02-01,2,4,1.0,2023,2
2099,2023-03-26,1,4,5.0,2023,3
2100,2023-01-09,1,1,1.0,2023,1
2101,2023-01-10,4,4,2.0,2023,1
2102,2023-07-16,1,1,3.0,2023,7
2103,2023-02-16,1,4,5.0,2023,2
2104,2023-06-10,1,4,3.0,2023,6
2105,2023-07-24,3,4,2.0,2023,7
2106,2022-10-28,5,5,1.0,2022,10
2107,2022-11-25,4,1,1.0,2022,11
2108,2023-04-10,1,2,4.0,2023,4
2109,2023-04-04,3,3,5.0,2023,4
2110,2022-11-13,1,4,2.0,2022,11
2111,2023-04-26,2,3,1.0,2023,4
2112,2023-02-01,4,3,1.0,2023,2
2113,2022-08-31,5,1,5.0,2022,8
2114,2023-02-08,5,4,1.0,2023,2
2115,2023-01-25,5,2,1.0,2023,1
2116,2023-05-11,1,4,2.0,2023,5
2117,2022-11-16,2,3,2.0,2022,11
2118,2023-03-20,3,2,4.0,2023,3
2119,2023-05-27,1,2,3.0,2023,5
2120,2022-09-05,4,4,1.0,2022,9
2121,2023-01-29,4,1,3.0,2023,1
2122,2023-01-25,3,3,2.0,2023,1
2123,2022-10-29,3,5,3.0,2022,10
2124,2023-04-21,4,1,5.0,2023,4
2125,2022-09-23,4,5,3.0,2022,9
2126,2023-04-14,3,4,4.0,2023,4
2127,2023-08-01,2,2,3.0,2023,8
2128,2023-04-01,1,3,1.0,2023,4
2129,2022-09-30,5,5,2.0,2022,9
2130,2023-03-30,3,5,2.0,2023,3
2131,2022-12-28,1,2,1.0,2022,12
2132,2022-12-15,2,3,3.0,2022,12
2133,2023-03-02,2,3,2.0,2023,3
2134,2023-02-27,4,2,5.0,2023,2
2135,2023-08-02,2,2,4.0,2023,8
2136,2023-02-18,2,2,2.0,2023,2
2137,2022-10-14,1,3,3.0,2022,10
2138,2022-08-22,1,5,2.0,2022,8
2139,2023-05-05,1,4,4.0,2023,5
2140,2023-05-11,4,5,4.0,2023,5
2141,2022-11-14,2,3,3.0,2022,11
2142,2023-05-06,2,5,1.0,2023,5
2143,2022-12-14,2,1,1.0,2022,12
2144,2023-06-09,2,5,4.0,2023,6
2145,2023-05-19,3,3,5.0,2023,5
2146,2023-02-24,3,1,1.0,2023,2
2147,2022-11-03,2,1,2.0,2022,11
2148,2023-06-12,1,1,2.0,2023,6
2149,2023-05-21,5,3,5.0,2023,5
2150,2022-11-26,2,1,1.0,2022,11
2151,2023-04-11,4,4,4.0,2023,4
2152,2023-03-30,3,1,4.0,2023,3
2153,2023-01-19,3,5,3.0,2023,1
2154,2023-05-18,1,3,2.0,2023,5
2155,2023-03-13,1,2,4.0,2023,3
2156,2023-03-03,5,1,3.0,2023,3
2157,2022-12-10,4,2,5.0,2022,12
2158,2023-01-04,2,4,3.0,2023,1
2159,2022-09-20,1,1,1.0,2022,9
2160,2023-01-20,1,1,5.0,2023,1
2161,2023-05-27,1,4,3.0,2023,5
2162,2023-02-17,3,5,4.0,2023,2
2163,2023-01-12,5,5,4.0,2023,1
2164,2022-12-09,3,1,3.0,2022,12
2165,2022-10-28,5,3,3.0,2022,10
2166,2023-01-16,2,2,1.0,2023,1
2167,2022-09-03,2,4,2.0,2022,9
2168,2023-01-08,5,1,4.0,2023,1
2169,2023-04-18,5,2,4.0,2023,4
2170,2023-01-30,1,5,2.0,2023,1
2171,2023-03-16,1,3,2.0,2023,3
2172,2023-03-17,2,4,1.0,2023,3
2173,2023-02-13,1,4,3.0,2023,2
2174,2022-12-25,1,1,5.0,2022,12
2175,2023-03-16,1,3,3.0,2023,3
2176,2023-04-29,2,1,1.0,2023,4
2177,2022-10-17,4,2,1.0,2022,10
2178,2022-09-11,4,1,5.0,2022,9
2179,2023-06-16,1,3,1.0,2023,6
2180,2023-05-29,4,4,4.0,2023,5
2181,2023-02-04,2,1,4.0,2023,2
2182,2023-04-12,1,1,2.0,2023,4
2183,2022-12-13,4,4,2.0,2022,12
2184,2023-03-09,2,4,4.0,2023,3
2185,2022-11-07,4,5,5.0,2022,11
2186,2022-09-17,4,1,1.0,2022,9
2187,2023-01-14,2,1,5.0,2023,1
2188,2023-01-25,5,4,2.0,2023,1
2189,2022-08-19,1,2,4.0,2022,8
2190,2023-03-31,5,2,3.0,2023,3
2191,2023-04-11,2,2,3.0,2023,4
2192,2022-12-26,5,3,4.0,2022,12
2193,2023-07-10,2,2,3.0,2023,7
2194,2022-10-02,1,4,1.0,2022,10
2195,2022-11-30,1,5,1.0,2022,11
2196,2023-08-01,5,2,3.0,2023,8
2197,2023-04-15,2,3,1.0,2023,4
2198,2023-07-13,2,4,2.0,2023,7
2199,2023-06-03,4,3,4.0,2023,6
2200,2022-12-16,3,1,5.0,2022,12
2201,2023-06-24,5,1,5.0,2023,6
2202,2023-06-24,5,4,5.0,2023,6
2203,2022-08-29,1,4,1.0,2022,8
2204,2022-10-01,5,2,3.0,2022,10
2205,2022-09-05,2,3,5.0,2022,9
2206,2022-08-24,2,4,3.0,2022,8
2207,2023-03-29,3,3,1.0,2023,3
2208,2023-03-07,5,3,3.0,2023,3
2209,2023-04-01,2,2,5.0,2023,4
2210,2023-01-09,1,5,3.0,2023,1
2211,2023-02-01,1,5,3.0,2023,2
2212,2023-07-26,4,1,5.0,2023,7
2213,2023-05-05,1,4,2.0,2023,5
2214,2023-02-26,1,1,5.0,2023,2
2215,2023-04-24,1,5,5.0,2023,4
2216,2023-04-13,4,5,2.0,2023,4
2217,2022-10-05,2,1,2.0,2022,10
2218,2022-10-10,4,1,5.0,2022,10
2219,2023-03-29,5,2,2.0,2023,3
2220,2023-03-02,3,3,5.0,2023,3
2221,2023-04-28,1,5,1.0,2023,4
2222,2022-09-14,2,3,5.0,2022,9
2223,2023-05-23,1,1,4.0,2023,5
2224,2023-02-02,2,1,3.0,2023,2
2225,2022-08-21,1,2,2.0,2022,8
2226,2023-01-28,4,4,5.0,2023,1
2227,2022-09-18,2,3,4.0,2022,9
2228,2023-01-20,3,2,2.0,2023,1
2229,2023-04-22,3,1,1.0,2023,4
2230,2023-06-09,1,5,5.0,2023,6
2231,2023-01-04,1,2,2.0,2023,1
2232,2022-11-19,4,5,2.0,2022,11
2233,2022-10-03,5,1,1.0,2022,10
2234,2022-08-23,1,1,4.0,2022,8
2235,2022-09-10,3,5,3.0,2022,9
2236,2022-12-29,2,1,2.0,2022,12
2237,2023-06-08,2,5,2.0,2023,6
2238,2023-03-28,4,4,3.0,2023,3
2239,2022-12-31,1,3,4.0,2022,12
2240,2022-08-22,2,4,5.0,2022,8
2241,2023-01-30,4,4,4.0,2023,1
2242,2023-02-26,3,2,4.0,2023,2
2243,2023-06-26,1,3,5.0,2023,6
2244,2023-03-01,4,2,1.0,2023,3
2245,2023-07-08,2,4,4.0,2023,7
2246,2023-03-20,3,4,5.0,2023,3
2247,2023-02-16,3,4,4.0,2023,2
2248,2023-05-24,1,5,5.0,2023,5
2249,2023-05-29,3,5,5.0,2023,5
2250,2023-05-29,4,2,1.0,2023,5
2251,2022-09-18,4,4,4.0,2022,9
2252,2022-09-28,1,3,3.0,2022,9
2253,2023-06-26,5,1,2.0,2023,6
2254,2022-12-14,3,2,5.0,2022,12
2255,2023-05-12,1,4,4.0,2023,5
2256,2023-07-14,5,5,4.0,2023,7
2257,2023-07-25,4,3,5.0,2023,7
2258,2023-04-03,2,5,4.0,2023,4
2259,2023-01-09,1,2,5.0,2023,1
2260,2023-08-05,3,1,4.0,2023,8
2261,2022-11-17,2,1,5.0,2022,11
2262,2023-04-27,4,4,3.0,2023,4
2263,2022-11-28,3,1,4.0,2022,11
2264,2022-11-08,1,2,3.0,2022,11
2265,2023-03-08,2,4,2.0,2023,3
2266,2023-04-27,5,3,2.0,2023,4
2267,2023-03-09,1,3,3.0,2023,3
2268,2023-07-03,2,3,2.0,2023,7
2269,2023-02-14,5,5,1.0,2023,2
2270,2023-03-18,4,4,3.0,2023,3
2271,2023-03-21,5,4,4.0,2023,3
2272,2022-08-05,5,5,3.0,2022,8
2273,2022-10-26,5,2,3.0,2022,10
2274,2022-08-13,2,5,1.0,2022,8
2275,2022-10-24,5,4,3.0,2022,10
2276,2022-09-16,5,2,2.0,2022,9
2277,2022-11-25,3,4,4.0,2022,11
2278,2022-08-21,5,4,2.0,2022,8
2279,2023-05-28,2,5,1.0,2023,5
2280,2023-02-23,4,2,5.0,2023,2
2281,2022-09-24,1,4,2.0,2022,9
2282,2022-11-02,1,5,3.0,2022,11
2283,2022-10-20,4,2,1.0,2022,10
2284,2022-10-11,1,4,4.0,2022,10
2285,2023-05-22,4,3,3.0,2023,5
2286,2023-01-20,4,4,4.0,2023,1
2287,2022-11-11,4,4,2.0,2022,11
2288,2023-07-09,5,1,4.0,2023,7
2289,2023-03-12,2,5,3.0,2023,3
2290,2023-04-14,4,1,3.0,2023,4
2291,2022-08-20,3,4,1.0,2022,8
2292,2022-11-15,5,1,1.0,2022,11
2293,2023-06-19,5,3,1.0,2023,6
2294,2022-08-30,4,4,4.0,2022,8
2295,2022-11-26,3,5,4.0,2022,11
2296,2023-06-15,4,4,5.0,2023,6
2297,2022-09-14,5,4,1.0,2022,9
2298,2022-11-04,3,2,1.0,2022,11
2299,2022-08-18,2,1,2.0,2022,8
2300,2022-10-08,5,1,2.0,2022,10
2301,2023-07-26,3,1,4.0,2023,7
2302,2023-04-12,2,5,3.0,2023,4
2303,2023-02-01,5,5,1.0,2023,2
2304,2023-06-29,5,1,2.0,2023,6
2305,2023-05-26,4,5,5.0,2023,5
2306,2023-04-25,3,4,3.0,2023,4
2307,2023-07-22,5,2,3.0,2023,7
2308,2023-03-11,1,2,3.0,2023,3
2309,2023-01-03,2,5,5.0,2023,1
2310,2022-10-04,4,1,3.0,2022,10
2311,2023-03-15,5,3,2.0,2023,3
2312,2023-04-02,1,4,3.0,2023,4
2313,2023-04-04,5,2,3.0,2023,4
2314,2023-06-23,4,1,3.0,2023,6
2315,2022-08-10,4,3,2.0,2022,8
2316,2022-09-06,4,2,5.0,2022,9
2317,2023-02-07,2,2,1.0,2023,2
2318,2022-12-20,2,1,5.0,2022,12
2319,2023-03-29,5,4,3.0,2023,3
2320,2023-02-12,5,1,3.0,2023,2
2321,2022-11-07,4,2,5.0,2022,11
2322,2022-08-20,4,3,4.0,2022,8
2323,2022-11-21,2,1,3.0,2022,11
2324,2023-06-24,1,2,4.0,2023,6
2325,2022-12-27,4,4,1.0,2022,12
2326,2023-04-19,3,1,4.0,2023,4
2327,2023-03-29,4,1,2.0,2023,3
2328,2022-09-02,1,4,3.0,2022,9
2329,2022-09-02,2,3,1.0,2022,9
2330,2022-09-11,3,4,5.0,2022,9
2331,2022-12-11,2,5,3.0,2022,12
2332,2022-11-02,1,1,1.0,2022,11
2333,2023-04-19,5,4,2.0,2023,4
2334,2022-12-01,3,3,5.0,2022,12
2335,2023-03-24,1,5,5.0,2023,3
2336,2022-08-10,5,1,5.0,2022,8
2337,2023-07-09,1,4,3.0,2023,7
2338,2022-09-09,2,3,5.0,2022,9
2339,2023-03-22,3,1,5.0,2023,3
2340,2023-05-23,4,5,3.0,2023,5
2341,2022-10-14,1,5,2.0,2022,10
2342,2023-07-24,1,4,3.0,2023,7
2343,2022-11-22,1,3,4.0,2022,11
2344,2023-02-08,2,5,5.0,2023,2
2345,2023-01-14,2,1,5.0,2023,1
2346,2023-02-06,5,3,1.0,2023,2
2347,2023-01-09,2,3,2.0,2023,1
2348,2022-10-12,4,4,2.0,2022,10
2349,2022-11-05,5,5,1.0,2022,11
2350,2022-08-24,1,4,5.0,2022,8
2351,2023-02-21,3,3,5.0,2023,2
2352,2023-07-11,2,3,3.0,2023,7
2353,2022-10-17,2,4,3.0,2022,10
2354,2023-06-10,5,1,1.0,2023,6
2355,2022-11-15,1,1,4.0,2022,11
2356,2023-03-07,4,1,1.0,2023,3
2357,2022-11-12,1,2,3.0,2022,11
2358,2022-09-07,5,3,3.0,2022,9
2359,2023-07-08,4,4,3.0,2023,7
2360,2023-02-07,4,4,3.0,2023,2
2361,2023-02-12,4,4,2.0,2023,2
2362,2023-01-21,5,4,5.0,2023,1
2363,2023-07-16,2,5,1.0,2023,7
2364,2023-02-02,4,2,4.0,2023,2
2365,2022-09-07,1,1,1.0,2022,9
2366,2023-04-30,4,2,5.0,2023,4
2367,2022-10-26,3,2,5.0,2022,10
2368,2022-11-06,5,2,1.0,2022,11
2369,2023-02-18,5,2,4.0,2023,2
2370,2022-10-03,1,2,4.0,2022,10
2371,2023-01-10,2,1,5.0,2023,1
2372,2023-08-02,3,4,5.0,2023,8
2373,2023-07-21,3,5,5.0,2023,7
2374,2023-01-16,1,2,1.0,2023,1
2375,2022-08-14,2,4,2.0,2022,8
2376,2022-12-07,5,2,4.0,2022,12
2377,2022-12-31,1,2,1.0,2022,12
2378,2023-07-04,2,5,3.0,2023,7
2379,2023-07-01,2,5,1.0,2023,7
2380,2022-10-25,2,1,3.0,2022,10
2381,2023-02-15,2,3,3.0,2023,2
2382,2022-11-19,4,3,4.0,2022,11
2383,2022-11-21,5,3,5.0,2022,11
2384,2022-09-03,2,2,2.0,2022,9
2385,2023-01-15,2,1,3.0,2023,1
2386,2022-12-16,1,4,3.0,2022,12
2387,2023-01-06,1,2,5.0,2023,1
2388,2023-06-06,5,2,4.0,2023,6
2389,2023-06-06,1,4,2.0,2023,6
2390,2022-10-18,1,5,4.0,2022,10
2391,2023-06-22,3,3,3.0,2023,6
2392,2023-06-19,4,3,2.0,2023,6
2393,2023-05-12,3,2,2.0,2023,5
2394,2022-11-18,4,1,1.0,2022,11
2395,2023-02-23,1,1,4.0,2023,2
2396,2022-12-14,3,4,2.0,2022,12
2397,2022-09-08,2,5,2.0,2022,9
2398,2023-01-07,4,3,3.0,2023,1
2399,2022-11-29,1,4,2.0,2022,11
2400,2023-03-28,4,4,3.0,2023,3
2402,2022-10-29,3,2,2.0,2022,10
2403,2022-11-07,3,3,3.0,2022,11
2404,2023-05-01,3,3,1.0,2023,5
2405,2023-07-25,4,1,2.0,2023,7
2406,2023-02-24,1,4,4.0,2023,2
2407,2022-09-23,3,5,5.0,2022,9
2408,2022-08-26,2,5,5.0,2022,8
2409,2023-01-11,3,3,3.0,2023,1
2410,2023-05-03,4,4,1.0,2023,5
2411,2023-01-23,2,3,3.0,2023,1
2412,2023-04-10,5,4,5.0,2023,4
2413,2022-11-08,4,2,2.0,2022,11
2414,2022-09-05,1,1,5.0,2022,9
2415,2023-02-08,1,2,5.0,2023,2
2416,2022-11-01,4,5,1.0,2022,11
2417,2022-09-17,2,3,4.0,2022,9
2418,2023-03-08,3,2,5.0,2023,3
2419,2022-12-22,2,2,1.0,2022,12
2420,2023-05-07,4,3,1.0,2023,5
2421,2023-04-03,1,3,5.0,2023,4
2422,2022-10-18,5,4,5.0,2022,10
2423,2023-04-06,3,3,5.0,2023,4
2424,2023-02-25,2,1,4.0,2023,2
2425,2023-03-28,2,2,2.0,2023,3
2426,2022-10-21,5,5,3.0,2022,10
2427,2023-04-14,2,2,1.0,2023,4
2428,2022-11-30,2,5,5.0,2022,11
2429,2022-11-06,3,4,2.0,2022,11
2430,2022-09-22,2,1,1.0,2022,9
2431,2022-10-31,4,2,5.0,2022,10
2432,2023-07-30,1,1,2.0,2023,7
2433,2022-08-05,1,5,3.0,2022,8
2434,2022-08-14,5,2,5.0,2022,8
2435,2023-01-29,1,3,2.0,2023,1
2436,2022-11-04,1,3,3.0,2022,11
2437,2022-10-17,3,5,2.0,2022,10
2438,2022-11-09,4,1,4.0,2022,11
2439,2022-08-15,4,3,5.0,2022,8
2440,2023-03-08,2,5,2.0,2023,3
2441,2022-10-17,2,4,2.0,2022,10
2442,2023-01-26,2,1,5.0,2023,1
2443,2022-08-17,4,3,5.0,2022,8
2444,2023-08-05,1,1,5.0,2023,8
2445,2022-11-20,3,4,5.0,2022,11
2446,2023-06-09,1,2,5.0,2023,6
2447,2023-02-01,5,3,4.0,2023,2
2448,2023-04-14,2,2,5.0,2023,4
2449,2023-01-28,4,5,3.0,2023,1
2450,2023-01-21,5,3,2.0,2023,1
2451,2023-03-17,5,3,1.0,2023,3
2452,2022-09-02,3,3,1.0,2022,9
2453,2022-12-23,3,3,3.0,2022,12
2454,2022-09-24,1,4,3.0,2022,9
2455,2023-06-11,3,3,1.0,2023,6
2456,2022-09-22,4,5,3.0,2022,9
2457,2023-04-27,3,2,3.0,2023,4
2458,2022-09-19,5,3,1.0,2022,9
2459,2022-10-14,5,5,5.0,2022,10
2460,2023-03-24,3,4,2.0,2023,3
2461,2022-12-03,3,2,4.0,2022,12
2462,2023-05-09,4,1,2.0,2023,5
2463,2022-12-04,3,5,5.0,2022,12
2464,2023-02-18,2,3,2.0,2023,2
2465,2023-01-06,3,3,1.0,2023,1
2466,2022-09-14,2,4,1.0,2022,9
2467,2022-08-14,1,1,4.0,2022,8
2468,2023-03-23,5,4,3.0,2023,3
2469,2023-04-13,2,1,5.0,2023,4
2470,2022-10-21,5,5,2.0,2022,10
2471,2023-01-23,5,5,3.0,2023,1
2472,2023-06-22,5,2,3.0,2023,6
2473,2022-09-16,4,4,3.0,2022,9
2474,2023-06-12,4,5,2.0,2023,6
2475,2023-05-18,1,4,1.0,2023,5
2476,2023-03-18,3,5,5.0,2023,3
2477,2023-01-09,4,4,3.0,2023,1
2478,2023-01-30,4,4,1.0,2023,1
2479,2022-10-31,2,1,2.0,2022,10
2480,2023-02-12,3,2,3.0,2023,2
2481,2022-08-07,2,5,1.0,2022,8
2482,2023-01-19,4,2,5.0,2023,1
2483,2023-03-08,5,1,3.0,2023,3
2484,2023-06-01,1,2,2.0,2023,6
2485,2023-05-14,3,5,5.0,2023,5
2486,2022-12-31,1,1,5.0,2022,12
2487,2023-05-06,1,1,4.0,2023,5
2488,2023-01-10,2,4,5.0,2023,1
2489,2022-09-22,1,3,2.0,2022,9
2490,2023-01-25,2,2,4.0,2023,1
2491,2023-02-23,4,5,2.0,2023,2
2492,2023-01-02,3,2,5.0,2023,1
2493,2023-01-23,1,3,1.0,2023,1
2494,2022-11-06,1,1,1.0,2022,11
2495,2023-01-10,5,1,2.0,2023,1
2496,2022-12-15,2,3,3.0,2022,12
2497,2022-10-27,5,2,5.0,2022,10
2498,2023-07-05,5,3,5.0,2023,7
2499,2023-05-01,5,5,3.0,2023,5
2500,2023-07-01,1,3,5.0,2023,7
2501,2023-01-21,1,5,3.0,2023,1
2502,2023-07-21,3,3,5.0,2023,7
2503,2022-12-06,1,1,1.0,2022,12
2504,2022-10-22,1,5,3.0,2022,10
2505,2022-10-30,3,2,3.0,2022,10
2506,2022-09-04,3,3,2.0,2022,9
2507,2023-07-31,2,3,4.0,2023,7
2508,2023-07-01,1,4,1.0,2023,7
2509,2023-03-10,1,2,3.0,2023,3
2510,2022-09-10,2,2,2.0,2022,9
2511,2023-06-24,4,3,1.0,2023,6
2512,2022-09-02,1,4,2.0,2022,9
2513,2023-03-28,5,2,4.0,2023,3
2514,2023-06-10,5,2,2.0,2023,6
2515,2023-03-28,1,1,1.0,2023,3
2516,2023-05-15,5,1,5.0,2023,5
2517,2023-07-05,5,5,1.0,2023,7
2518,2022-12-28,4,2,1.0,2022,12
2519,2022-09-03,3,5,5.0,2022,9
2520,2023-02-06,2,1,1.0,2023,2
2521,2023-06-07,4,4,4.0,2023,6
2522,2022-08-13,3,3,2.0,2022,8
2523,2023-02-17,1,1,3.0,2023,2
2524,2023-07-10,3,3,4.0,2023,7
2525,2023-07-23,2,5,1.0,2023,7
2526,2022-10-22,1,1,1.0,2022,10
2527,2022-10-28,3,4,5.0,2022,10
2528,2023-07-10,2,4,2.0,2023,7
2529,2022-12-08,4,5,1.0,2022,12
2530,2023-07-18,4,1,1.0,2023,7
2531,2022-08-28,2,5,4.0,2022,8
2532,2023-03-26,1,1,4.0,2023,3
2533,2022-08-20,1,1,3.0,2022,8
2534,2022-10-15,2,2,5.0,2022,10
2535,2022-08-06,2,5,2.0,2022,8
2536,2022-12-16,2,1,2.0,2022,12
2537,2023-07-26,4,5,4.0,2023,7
2538,2022-10-02,5,4,5.0,2022,10
2539,2022-12-08,4,2,3.0,2022,12
2540,2023-04-16,3,4,4.0,2023,4
2541,2023-07-22,3,4,3.0,2023,7
2542,2022-09-21,2,1,3.0,2022,9
2543,2023-07-06,3,4,3.0,2023,7
2544,2023-07-07,2,3,2.0,2023,7
2545,2023-02-12,3,2,3.0,2023,2
2546,2022-11-06,4,4,5.0,2022,11
2547,2023-05-26,2,5,1.0,2023,5
2548,2022-08-07,2,5,3.0,2022,8
2549,2023-01-18,4,3,5.0,2023,1
2550,2023-01-01,3,1,1.0,2023,1
2551,2022-09-03,4,2,2.0,2022,9
2552,2022-10-19,3,2,3.0,2022,10
2553,2022-10-16,2,2,2.0,2022,10
2554,2022-12-29,5,1,4.0,2022,12
2555,2023-05-14,5,1,4.0,2023,5
2556,2023-02-01,4,1,3.0,2023,2
2557,2022-09-04,1,3,1.0,2022,9
2558,2022-12-15,2,4,5.0,2022,12
2559,2023-07-10,3,5,3.0,2023,7
2560,2022-10-19,5,1,5.0,2022,10
2561,2023-04-15,3,5,4.0,2023,4
2562,2023-04-17,1,4,3.0,2023,4
2563,2022-09-24,2,2,4.0,2022,9
2564,2022-12-11,1,4,4.0,2022,12
2565,2022-08-17,2,5,4.0,2022,8
2566,2023-05-19,3,2,2.0,2023,5
2567,2022-08-17,4,3,5.0,2022,8
2568,2023-06-22,3,5,2.0,2023,6
2569,2023-05-28,3,4,3.0,2023,5
2570,2023-04-15,3,3,1.0,2023,4
2571,2023-06-19,3,3,5.0,2023,6
2572,2022-10-19,1,1,2.0,2022,10
2573,2023-04-24,1,4,3.0,2023,4
2574,2023-03-20,3,1,4.0,2023,3
2575,2023-05-26,4,3,4.0,2023,5
2576,2022-11-19,2,4,1.0,2022,11
2577,2022-09-18,5,2,4.0,2022,9
2578,2023-06-17,4,5,3.0,2023,6
2579,2023-08-05,3,4,4.0,2023,8
2580,2022-10-28,1,2,4.0,2022,10
2581,2023-02-20,2,3,4.0,2023,2
2582,2022-09-20,3,2,5.0,2022,9
2583,2023-05-20,5,5,3.0,2023,5
2584,2023-07-20,4,4,5.0,2023,7
2585,2023-05-03,5,1,4.0,2023,5
2586,2022-11-04,2,4,2.0,2022,11
2587,2022-11-24,4,4,4.0,2022,11
2588,2022-12-12,5,1,5.0,2022,12
2589,2022-11-25,2,5,1.0,2022,11
2590,2022-08-28,1,1,4.0,2022,8
2591,2023-07-28,4,5,5.0,2023,7
2592,2023-06-27,5,1,2.0,2023,6
2593,2023-04-04,3,1,2.0,2023,4
2594,2022-12-04,1,5,3.0,2022,12
2595,2022-12-18,3,5,4.0,2022,12
2596,2023-06-06,4,1,2.0,2023,6
2597,2023-05-08,4,5,4.0,2023,5
2598,2023-05-21,5,3,2.0,2023,5
2599,2023-03-31,1,4,2.0,2023,3
2600,2022-09-28,5,2,4.0,2022,9
2601,2022-10-06,3,5,5.0,2022,10
2602,2023-02-10,5,5,2.0,2023,2
2603,2022-12-04,4,1,4.0,2022,12
2604,2023-01-23,1,1,2.0,2023,1
2605,2023-02-25,3,4,3.0,2023,2
2606,2022-12-23,1,5,1.0,2022,12
2607,2023-02-26,3,1,2.0,2023,2
2608,2022-08-07,1,4,5.0,2022,8
2609,2023-04-29,3,3,4.0,2023,4
2610,2022-11-04,5,1,2.0,2022,11
2611,2023-06-25,5,3,1.0,2023,6
2612,2023-03-26,2,2,5.0,2023,3
2613,2023-03-04,2,1,2.0,2023,3
2614,2022-11-19,5,1,1.0,2022,11
2615,2022-12-05,5,1,3.0,2022,12
2616,2022-09-12,3,1,3.0,2022,9
2617,2022-12-23,4,4,2.0,2022,12
2618,2023-08-01,5,3,3.0,2023,8
2619,2023-03-21,1,2,1.0,2023,3
2620,2023-02-04,4,3,4.0,2023,2
2621,2023-01-02,3,5,4.0,2023,1
2622,2022-10-06,3,5,1.0,2022,10
2623,2022-11-10,2,5,3.0,2022,11
2624,2023-01-24,1,4,3.0,2023,1
2625,2022-10-11,5,5,3.0,2022,10
2626,2022-10-23,1,4,2.0,2022,10
2627,2022-08-15,5,3,3.0,2022,8
2628,2022-12-06,5,4,2.0,2022,12
2629,2022-10-24,1,5,4.0,2022,10
2630,2022-09-04,1,5,4.0,2022,9
2631,2023-01-08,5,1,4.0,2023,1
2632,2023-07-07,1,4,2.0,2023,7
2633,2023-07-01,5,2,3.0,2023,7
2634,2022-12-12,3,5,3.0,2022,12
2635,2023-06-21,3,1,3.0,2023,6
2636,2022-12-20,5,3,3.0,2022,12
2637,2023-06-27,2,2,2.0,2023,6
2638,2023-04-28,1,2,2.0,2023,4
2639,2023-01-31,1,3,3.0,2023,1
2640,2023-07-17,1,5,2.0,2023,7
2641,2022-11-25,2,3,5.0,2022,11
2642,2022-12-09,2,3,1.0,2022,12
2643,2023-05-01,4,3,5.0,2023,5
2644,2022-11-22,4,1,2.0,2022,11
2645,2022-10-25,4,3,5.0,2022,10
2646,2022-12-14,4,2,2.0,2022,12
2647,2022-08-23,5,5,3.0,2022,8
2648,2023-04-22,4,2,1.0,2023,4
2649,2022-12-26,4,4,1.0,2022,12
2650,2023-03-24,1,1,1.0,2023,3
2651,2023-05-31,1,3,2.0,2023,5
2652,2022-11-11,1,4,2.0,2022,11
2653,2023-02-23,4,5,3.0,2023,2
2654,2023-03-07,4,1,3.0,2023,3
2655,2022-08-29,2,5,5.0,2022,8
2656,2023-03-15,5,4,3.0,2023,3
2657,2023-03-04,4,3,3.0,2023,3
2658,2022-10-22,3,1,1.0,2022,10
2659,2023-05-22,5,3,2.0,2023,5
2660,2022-08-23,5,1,1.0,2022,8
2661,2023-02-25,3,3,2.0,2023,2
2662,2023-07-08,4,1,1.0,2023,7
2663,2022-08-07,3,4,1.0,2022,8
2664,2023-06-13,5,2,2.0,2023,6
2665,2022-10-05,1,5,5.0,2022,10
2666,2023-05-24,5,5,3.0,2023,5
2667,2022-12-28,3,2,3.0,2022,12
2668,2023-04-28,4,4,1.0,2023,4
2669,2023-04-27,4,2,1.0,2023,4
2670,2023-06-26,4,2,1.0,2023,6
2671,2023-02-12,1,2,5.0,2023,2
2672,2023-06-04,5,2,2.0,2023,6
2673,2022-10-13,5,1,1.0,2022,10
2674,2022-11-06,1,1,4.0,2022,11
2675,2023-01-30,2,4,4.0,2023,1
2676,2022-10-16,4,3,4.0,2022,10
2677,2022-11-29,2,1,5.0,2022,11
2678,2023-07-18,5,3,3.0,2023,7
2679,2023-02-02,4,4,1.0,2023,2
2680,2022-08-31,1,4,4.0,2022,8
2681,2023-07-22,3,3,3.0,2023,7
2682,2022-11-02,1,2,2.0,2022,11
2683,2022-12-23,3,4,2.0,2022,12
2684,2022-09-14,3,4,2.0,2022,9
2685,2023-07-09,3,1,1.0,2023,7
2686,2023-01-23,5,3,4.0,2023,1
2687,2023-02-20,4,5,5.0,2023,2
2688,2022-11-21,2,3,3.0,2022,11
2689,2022-10-06,2,1,1.0,2022,10
2690,2022-10-29,1,3,2.0,2022,10
2691,2022-12-21,4,1,1.0,2022,12
2692,2023-05-04,4,5,2.0,2023,5
2693,2022-11-06,2,5,2.0,2022,11
2694,2022-12-29,3,4,4.0,2022,12
2695,2022-12-04,5,2,3.0,2022,12
2696,2023-05-13,3,1,3.0,2023,5
2697,2023-05-30,1,5,3.0,2023,5
2698,2023-05-24,5,4,5.0,2023,5
2699,2022-12-07,1,1,5.0,2022,12
2700,2023-01-17,3,5,1.0,2023,1
2701,2023-07-20,5,5,3.0,2023,7
2702,2023-04-12,5,1,2.0,2023,4
2703,2023-05-27,1,5,4.0,2023,5
2704,2022-09-14,2,4,4.0,2022,9
2705,2023-07-08,3,2,2.0,2023,7
2706,2022-12-18,3,2,5.0,2022,12
2707,2023-01-28,1,2,1.0,2023,1
2708,2023-01-15,1,3,5.0,2023,1
2709,2022-08-28,1,2,2.0,2022,8
2710,2022-08-12,4,2,3.0,2022,8
2711,2023-02-07,4,2,5.0,2023,2
2712,2023-06-24,3,2,5.0,2023,6
2713,2022-12-22,5,2,4.0,2022,12
2714,2022-10-20,3,1,3.0,2022,10
2715,2023-01-11,3,5,1.0,2023,1
2716,2022-09-28,3,2,2.0,2022,9
2717,2023-07-25,1,1,2.0,2023,7
2718,2023-06-01,3,5,5.0,2023,6
2719,2022-11-09,5,5,5.0,2022,11
2720,2022-12-12,3,3,2.0,2022,12
2721,2023-03-26,1,4,3.0,2023,3
2722,2022-12-18,3,4,2.0,2022,12
2723,2023-01-31,3,1,5.0,2023,1
2724,2023-01-01,5,3,4.0,2023,1
2725,2023-01-30,4,1,5.0,2023,1
2726,2023-07-29,2,4,2.0,2023,7
2727,2023-06-17,1,3,3.0,2023,6
2728,2022-12-03,3,2,1.0,2022,12
2729,2023-02-24,3,5,1.0,2023,2
2730,2022-09-16,2,3,4.0,2022,9
2731,2023-04-26,2,3,2.0,2023,4
2732,2022-11-04,1,5,3.0,2022,11
2733,2023-04-03,3,4,1.0,2023,4
2734,2023-05-14,2,2,3.0,2023,5
2735,2023-06-02,5,1,2.0,2023,6
2736,2022-11-26,4,2,2.0,2022,11
2737,2022-09-20,5,5,3.0,2022,9
2738,2023-03-16,4,3,1.0,2023,3
2739,2023-06-26,1,2,5.0,2023,6
2740,2023-06-06,2,5,1.0,2023,6
2741,2022-10-09,4,3,1.0,2022,10
2742,2022-11-25,5,3,4.0,2022,11
2743,2022-08-31,3,2,5.0,2022,8
2744,2023-06-25,2,4,2.0,2023,6
2745,2023-01-13,1,2,2.0,2023,1
2746,2023-07-13,4,4,5.0,2023,7
2747,2023-05-13,3,1,5.0,2023,5
2748,2023-08-04,5,2,5.0,2023,8
2749,2023-06-24,5,3,4.0,2023,6
2750,2023-07-11,3,4,4.0,2023,7
2751,2022-12-27,3,1,2.0,2022,12
2752,2023-05-07,3,5,1.0,2023,5
2753,2023-05-05,3,1,4.0,2023,5
2754,2023-02-14,1,5,1.0,2023,2
2755,2022-12-15,5,5,4.0,2022,12
2756,2022-10-30,1,3,1.0,2022,10
2757,2023-04-30,3,4,2.0,2023,4
2758,2023-02-15,1,3,1.0,2023,2
2759,2022-11-06,3,1,3.0,2022,11
2760,2022-09-26,2,1,4.0,2022,9
2761,2023-02-15,1,4,3.0,2023,2
2762,2023-01-08,3,1,2.0,2023,1
2763,2022-08-05,4,2,4.0,2022,8
2764,2022-10-22,2,4,3.0,2022,10
2765,2023-01-05,3,1,3.0,2023,1
2766,2022-09-22,3,5,5.0,2022,9
2767,2022-12-14,3,3,4.0,2022,12
2768,2022-08-20,2,1,5.0,2022,8
2769,2022-08-07,3,1,3.0,2022,8
2770,2023-02-25,1,2,3.0,2023,2
2771,2023-01-28,2,4,2.0,2023,1
2772,2023-04-25,2,4,5.0,2023,4
2773,2023-05-29,2,5,4.0,2023,5
2774,2023-05-28,1,5,3.0,2023,5
2775,2023-08-04,1,4,3.0,2023,8
2776,2022-12-26,5,3,5.0,2022,12
2777,2023-08-02,5,1,3.0,2023,8
2778,2023-02-19,1,1,4.0,2023,2
2779,2022-08-28,4,1,1.0,2022,8
2780,2022-08-29,3,5,2.0,2022,8
2781,2023-02-12,1,2,2.0,2023,2
2782,2022-10-07,3,5,3.0,2022,10
2783,2023-01-06,3,1,1.0,2023,1
2784,2023-01-09,4,3,4.0,2023,1
2785,2022-08-15,3,1,5.0,2022,8
2786,2022-12-07,4,3,1.0,2022,12
2787,2023-04-10,4,2,5.0,2023,4
2788,2023-05-29,4,1,3.0,2023,5
2789,2022-12-03,1,2,2.0,2022,12
2790,2023-01-03,1,5,2.0,2023,1
2791,2023-01-19,1,3,1.0,2023,1
2792,2022-09-09,3,4,4.0,2022,9
2793,2023-03-27,2,5,3.0,2023,3
2794,2022-09-03,5,4,4.0,2022,9
2795,2023-06-06,5,1,1.0,2023,6
2796,2023-08-05,2,4,2.0,2023,8
2797,2022-08-05,2,1,2.0,2022,8
2798,2023-05-29,3,4,2.0,2023,5
2799,2023-02-01,2,1,1.0,2023,2
2800,2023-06-20,1,2,2.0,2023,6
2801,2022-09-20,1,3,4.0,2022,9
2802,2023-07-01,2,3,5.0,2023,7
2803,2022-11-04,4,4,5.0,2022,11
2804,2022-12-05,5,4,2.0,2022,12
2805,2023-05-19,5,3,2.0,2023,5
2806,2023-04-14,1,3,1.0,2023,4
2807,2023-01-13,3,2,4.0,2023,1
2808,2023-03-13,5,2,4.0,2023,3
2809,2023-02-13,1,1,5.0,2023,2
2810,2023-07-13,2,5,5.0,2023,7
2811,2023-04-13,3,4,3.0,2023,4
2812,2022-08-14,3,2,5.0,2022,8
2813,2022-08-28,4,4,2.0,2022,8
2814,2023-07-13,4,1,1.0,2023,7
2815,2022-09-22,2,5,3.0,2022,9
2816,2023-07-13,4,2,4.0,2023,7
2817,2022-08-12,4,1,5.0,2022,8
2818,2023-06-21,4,3,3.0,2023,6
2819,2022-12-31,2,3,4.0,2022,12
2820,2022-10-16,2,1,5.0,2022,10
2821,2023-04-12,2,5,5.0,2023,4
2822,2023-05-24,2,3,3.0,2023,5
2823,2023-01-23,5,2,1.0,2023,1
2824,2022-09-09,1,4,1.0,2022,9
2825,2023-02-22,5,4,4.0,2023,2
2826,2023-06-29,4,3,4.0,2023,6
2827,2022-08-30,4,4,5.0,2022,8
2828,2023-02-26,5,5,3.0,2023,2
2829,2023-02-07,2,5,3.0,2023,2
2830,2022-12-09,1,2,2.0,2022,12
2831,2023-07-13,5,1,4.0,2023,7
2832,2022-11-14,4,5,5.0,2022,11
2833,2022-09-02,2,5,2.0,2022,9
2834,2023-04-30,5,3,3.0,2023,4
2835,2023-03-30,4,5,3.0,2023,3
2836,2022-08-13,5,4,1.0,2022,8
2837,2022-08-08,4,1,4.0,2022,8
2838,2023-07-03,4,4,2.0,2023,7
2839,2022-10-23,1,4,5.0,2022,10
2840,2023-05-07,3,2,3.0,2023,5
2841,2022-10-10,2,2,2.0,2022,10
2842,2022-11-10,2,1,5.0,2022,11
2843,2022-10-03,5,1,4.0,2022,10
2844,2023-07-14,2,5,2.0,2023,7
2845,2022-11-14,3,4,2.0,2022,11
2846,2023-04-05,1,1,4.0,2023,4
2847,2022-12-01,1,2,2.0,2022,12
2848,2022-08-11,2,1,1.0,2022,8
2849,2023-02-09,5,1,1.0,2023,2
2850,2023-03-31,4,1,4.0,2023,3
2851,2022-10-16,4,3,3.0,2022,10
2852,2023-02-02,2,1,2.0,2023,2
2853,2023-07-31,5,1,1.0,2023,7
2854,2023-03-05,1,3,4.0,2023,3
2855,2023-03-27,3,5,5.0,2023,3
2856,2023-01-23,4,5,2.0,2023,1
2857,2022-12-24,5,2,5.0,2022,12
2858,2023-07-12,1,2,5.0,2023,7
2859,2022-08-19,1,3,3.0,2022,8
2860,2023-01-31,2,1,4.0,2023,1
2861,2023-07-21,2,4,5.0,2023,7
2862,2023-03-10,1,2,3.0,2023,3
2863,2023-03-13,2,2,1.0,2023,3
2864,2022-11-16,1,3,4.0,2022,11
2865,2022-10-23,2,2,3.0,2022,10
2866,2023-07-09,3,3,2.0,2023,7
2867,2023-03-07,3,1,3.0,2023,3
2868,2023-02-13,3,4,1.0,2023,2
2869,2023-03-24,2,5,4.0,2023,3
2870,2022-11-28,5,3,2.0,2022,11
2871,2023-05-31,2,5,2.0,2023,5
2872,2023-06-08,3,5,1.0,2023,6
2873,2022-12-15,4,2,3.0,2022,12
2874,2023-03-14,3,5,1.0,2023,3
2875,2023-06-12,3,5,4.0,2023,6
2876,2022-12-21,3,3,2.0,2022,12
2877,2023-03-02,2,4,1.0,2023,3
2878,2022-12-09,2,3,3.0,2022,12
2879,2023-01-07,1,5,2.0,2023,1
2880,2023-01-13,1,1,2.0,2023,1
2881,2022-10-20,5,4,1.0,2022,10
2882,2023-01-10,3,2,5.0,2023,1
2883,2023-06-14,4,3,4.0,2023,6
2884,2022-08-08,3,2,4.0,2022,8
2885,2023-01-20,1,5,5.0,2023,1
2886,2023-02-17,5,5,1.0,2023,2
2887,2023-06-24,5,1,1.0,2023,6
2888,2023-06-01,5,2,5.0,2023,6
2889,2023-06-10,2,2,1.0,2023,6
2890,2023-01-17,3,5,5.0,2023,1
2891,2023-05-27,5,2,3.0,2023,5
2892,2023-02-05,2,1,5.0,2023,2
2893,2022-10-14,3,1,1.0,2022,10
2894,2023-01-20,1,4,4.0,2023,1
2895,2023-05-31,1,2,5.0,2023,5
2896,2023-07-01,5,4,1.0,2023,7
2897,2023-04-04,3,5,2.0,2023,4
2898,2022-11-20,1,4,3.0,2022,11
2899,2022-10-24,1,5,3.0,2022,10
2900,2022-10-29,1,4,1.0,2022,10
2901,2023-05-20,1,4,5.0,2023,5
2902,2022-10-23,5,4,3.0,2022,10
2903,2022-08-09,3,3,5.0,2022,8
2904,2022-08-27,4,2,4.0,2022,8
2905,2022-09-10,2,5,1.0,2022,9
2906,2023-07-15,2,5,4.0,2023,7
2907,2023-03-15,1,4,5.0,2023,3
2908,2023-05-14,4,2,5.0,2023,5
2909,2023-02-13,2,4,4.0,2023,2
2910,2023-05-05,5,1,3.0,2023,5
2911,2022-10-27,5,2,2.0,2022,10
2912,2023-07-07,3,5,3.0,2023,7
2913,2023-05-05,4,1,2.0,2023,5
2914,2023-05-29,5,3,3.0,2023,5
2915,2023-04-29,3,4,2.0,2023,4
2916,2023-02-20,4,4,2.0,2023,2
2917,2023-01-17,1,4,5.0,2023,1
2918,2022-12-11,4,3,1.0,2022,12
2919,2023-06-11,5,1,2.0,2023,6
2920,2023-02-04,2,4,4.0,2023,2
2921,2023-03-15,5,2,3.0,2023,3
2922,2023-04-29,4,2,5.0,2023,4
2923,2023-05-06,5,1,2.0,2023,5
2924,2023-05-16,5,4,4.0,2023,5
2925,2023-07-30,1,3,1.0,2023,7
2926,2022-09-10,1,1,1.0,2022,9
2927,2023-07-31,4,2,2.0,2023,7
2928,2022-08-28,5,4,1.0,2022,8
2929,2023-01-28,1,3,4.0,2023,1
2930,2023-06-19,1,4,2.0,2023,6
2931,2022-09-20,5,4,4.0,2022,9
2932,2023-04-28,4,4,3.0,2023,4
2933,2023-05-02,3,1,4.0,2023,5
2934,2022-11-16,4,3,1.0,2022,11
2935,2023-02-14,5,1,1.0,2023,2
2936,2022-09-18,4,3,1.0,2022,9
2937,2022-12-09,1,4,4.0,2022,12
2938,2023-01-30,2,5,1.0,2023,1
2939,2023-04-13,4,3,3.0,2023,4
2940,2023-04-18,5,1,3.0,2023,4
2941,2022-12-14,5,2,5.0,2022,12
2942,2022-10-17,3,3,4.0,2022,10
2943,2022-10-18,4,1,5.0,2022,10
2944,2023-05-21,2,4,1.0,2023,5
2945,2022-09-21,4,2,1.0,2022,9
2946,2023-01-20,4,5,3.0,2023,1
2947,2023-02-11,3,4,2.0,2023,2
2948,2022-10-04,2,4,5.0,2022,10
2949,2023-02-02,2,2,2.0,2023,2
2950,2022-08-21,3,3,5.0,2022,8
2951,2023-05-31,3,1,3.0,2023,5
2952,2023-04-01,5,3,2.0,2023,4
2953,2023-06-01,2,3,4.0,2023,6
2954,2023-07-24,5,2,1.0,2023,7
2955,2023-06-12,5,2,3.0,2023,6
2956,2023-02-06,5,4,1.0,2023,2
2957,2023-02-21,1,3,4.0,2023,2
2958,2023-05-16,1,2,4.0,2023,5
2959,2023-07-05,1,5,2.0,2023,7
2960,2022-09-23,2,4,3.0,2022,9
2961,2023-02-12,2,2,4.0,2023,2
2962,2022-12-19,1,2,3.0,2022,12
2963,2022-10-02,1,3,2.0,2022,10
2964,2022-12-15,4,1,3.0,2022,12
2965,2023-07-13,4,4,5.0,2023,7
2966,2023-03-06,5,2,5.0,2023,3
2967,2022-08-11,2,3,1.0,2022,8
2968,2023-05-23,1,5,4.0,2023,5
2969,2022-11-21,4,5,5.0,2022,11
2970,2022-10-23,5,5,5.0,2022,10
2971,2022-10-14,3,5,4.0,2022,10
2972,2022-11-24,3,4,3.0,2022,11
2973,2022-12-09,1,3,3.0,2022,12
2974,2022-11-26,4,5,4.0,2022,11
2975,2022-12-29,2,3,4.0,2022,12
2976,2022-09-02,4,3,1.0,2022,9
2977,2023-03-21,2,4,3.0,2023,3
2978,2022-08-29,5,2,4.0,2022,8
2979,2023-01-08,4,5,4.0,2023,1
2980,2023-02-06,1,3,5.0,2023,2
2981,2022-09-21,5,3,2.0,2022,9
2982,2022-09-13,5,4,3.0,2022,9
2983,2023-07-01,4,5,4.0,2023,7
2984,2022-12-09,4,1,1.0,2022,12
2985,2023-07-14,3,5,2.0,2023,7
2986,2023-07-12,4,5,3.0,2023,7
2987,2023-07-06,4,3,3.0,2023,7
2988,2023-07-15,4,4,4.0,2023,7
2989,2023-06-18,2,3,3.0,2023,6
2990,2023-05-21,2,2,3.0,2023,5
2991,2022-08-23,5,5,3.0,2022,8
2992,2022-12-07,1,4,2.0,2022,12
2993,2022-12-14,5,5,1.0,2022,12
2994,2022-12-16,5,5,3.0,2022,12
2995,2023-01-19,1,5,2.0,2023,1
2996,2022-08-27,3,2,2.0,2022,8
2997,2022-11-30,1,2,5.0,2022,11
2998,2023-02-04,4,3,3.0,2023,2
2999,2023-01-24,2,1,4.0,2023,1
3000,2023-07-17,2,2,5.0,2023,7
3001,2023-04-13,5,4,3.0,2023,4
3002,2022-09-10,3,3,3.0,2022,9
3003,2023-01-17,4,3,5.0,2023,1
3004,2022-10-21,4,3,4.0,2022,10
3005,2023-01-18,4,5,1.0,2023,1
3006,2023-02-28,3,5,2.0,2023,2
3007,2023-05-15,2,5,3.0,2023,5
3008,2023-04-09,2,1,4.0,2023,4
3009,2022-10-27,1,2,4.0,2022,10
3010,2022-11-19,1,5,5.0,2022,11
3011,2022-12-07,4,4,3.0,2022,12
3012,2023-01-22,3,5,1.0,2023,1
3013,2023-07-13,5,2,4.0,2023,7
3014,2023-03-19,3,4,2.0,2023,3
3015,2022-12-04,5,5,5.0,2022,12
3016,2022-11-29,3,1,2.0,2022,11
3017,2022-09-28,3,5,3.0,2022,9
3018,2022-09-13,1,1,4.0,2022,9
3019,2022-09-11,3,4,2.0,2022,9
3020,2023-07-28,2,5,1.0,2023,7
3021,2022-10-19,5,3,4.0,2022,10
3022,2023-02-05,2,2,3.0,2023,2
3023,2022-09-19,3,5,3.0,2022,9
3024,2023-03-05,4,5,5.0,2023,3
3025,2023-01-25,3,4,5.0,2023,1
3026,2022-10-17,3,2,4.0,2022,10
3027,2023-02-17,3,2,4.0,2023,2
3028,2023-04-01,5,4,1.0,2023,4
3029,2023-02-08,1,1,3.0,2023,2
3030,2022-12-05,2,2,5.0,2022,12
3031,2022-12-20,2,3,2.0,2022,12
3032,2023-07-06,1,3,2.0,2023,7
3033,2022-08-28,3,3,5.0,2022,8
3034,2022-10-11,1,4,2.0,2022,10
3035,2023-04-06,2,4,5.0,2023,4
3036,2023-02-25,1,4,2.0,2023,2
3037,2023-01-14,3,4,2.0,2023,1
3038,2022-10-06,5,5,5.0,2022,10
3039,2023-08-03,4,2,1.0,2023,8
3040,2022-10-23,5,1,4.0,2022,10
3041,2023-05-18,5,5,4.0,2023,5
3042,2023-01-13,4,1,2.0,2023,1
3043,2023-05-01,5,3,3.0,2023,5
3044,2023-06-07,1,1,3.0,2023,6
3045,2023-01-12,5,4,1.0,2023,1
3046,2023-03-06,2,5,3.0,2023,3
3047,2022-11-13,4,2,1.0,2022,11
3048,2023-02-04,2,2,3.0,2023,2
3049,2022-10-10,5,3,2.0,2022,10
3050,2022-09-26,1,3,4.0,2022,9
3051,2023-02-09,3,5,5.0,2023,2
3052,2023-07-22,5,1,3.0,2023,7
3053,2023-02-03,2,1,3.0,2023,2
3054,2022-11-14,5,5,2.0,2022,11
3055,2022-09-29,5,1,3.0,2022,9
3056,2023-04-08,5,5,2.0,2023,4
3057,2023-02-06,1,2,5.0,2023,2
3058,2023-07-04,4,1,1.0,2023,7
3059,2023-03-28,2,1,3.0,2023,3
3060,2022-09-14,5,2,4.0,2022,9
3061,2023-07-19,5,1,3.0,2023,7
3062,2023-05-20,3,4,1.0,2023,5
3063,2022-10-06,1,5,1.0,2022,10
3064,2022-12-02,2,2,5.0,2022,12
3065,2022-12-01,3,1,2.0,2022,12
3066,2022-12-04,5,4,1.0,2022,12
3067,2022-12-26,3,1,2.0,2022,12
3068,2023-05-12,3,2,1.0,2023,5
3069,2023-05-14,1,2,3.0,2023,5
3070,2023-04-15,1,5,4.0,2023,4
3071,2022-09-19,1,4,2.0,2022,9
3072,2022-11-01,2,4,1.0,2022,11
3073,2023-01-03,2,3,5.0,2023,1
3074,2022-10-23,1,3,2.0,2022,10
3075,2023-07-20,5,3,1.0,2023,7
3076,2022-10-08,2,1,5.0,2022,10
3077,2023-07-05,2,1,2.0,2023,7
3078,2023-01-28,1,1,5.0,2023,1
3079,2022-11-12,3,5,3.0,2022,11
3080,2023-02-05,3,3,5.0,2023,2
3081,2023-04-20,3,3,1.0,2023,4
3082,2023-07-30,4,3,4.0,2023,7
3083,2023-02-24,4,4,3.0,2023,2
3084,2022-12-06,5,3,3.0,2022,12
3085,2022-12-10,4,3,5.0,2022,12
3086,2023-07-13,4,2,2.0,2023,7
3087,2022-08-23,4,3,4.0,2022,8
3088,2022-11-05,5,3,5.0,2022,11
3089,2023-06-08,5,3,5.0,2023,6
3090,2023-01-15,3,2,4.0,2023,1
3091,2023-02-10,2,2,4.0,2023,2
3092,2023-04-15,4,4,1.0,2023,4
3093,2022-12-31,3,4,5.0,2022,12
3094,2023-04-26,2,3,1.0,2023,4
3095,2023-07-21,5,2,3.0,2023,7
3096,2023-05-05,1,3,2.0,2023,5
3097,2022-09-08,5,3,4.0,2022,9
3098,2023-05-23,3,5,4.0,2023,5
3099,2022-09-07,5,4,4.0,2022,9
3100,2023-04-25,1,5,2.0,2023,4
3101,2023-06-08,5,4,1.0,2023,6
3102,2023-01-01,1,2,3.0,2023,1
3103,2023-01-26,2,5,2.0,2023,1
3104,2022-10-11,5,2,3.0,2022,10
3105,2022-10-31,2,1,2.0,2022,10
3106,2023-04-29,5,1,2.0,2023,4
3107,2022-12-10,2,1,4.0,2022,12
3108,2023-07-15,1,4,1.0,2023,7
3109,2022-10-06,1,2,1.0,2022,10
3110,2022-12-30,1,2,1.0,2022,12
3111,2023-07-27,2,5,2.0,2023,7
3112,2023-02-20,5,2,3.0,2023,2
3113,2022-10-07,5,2,5.0,2022,10
3114,2022-08-24,2,2,2.0,2022,8
3115,2023-06-29,1,3,5.0,2023,6
3116,2023-03-18,2,1,4.0,2023,3
3117,2022-08-30,2,3,1.0,2022,8
3118,2022-10-25,3,2,3.0,2022,10
3119,2022-12-23,4,5,2.0,2022,12
3120,2023-04-10,1,5,3.0,2023,4
3121,2023-04-13,4,1,3.0,2023,4
3122,2023-04-03,1,1,5.0,2023,4
3123,2023-07-12,5,2,2.0,2023,7
3124,2022-08-13,2,4,2.0,2022,8
3125,2023-07-08,3,5,4.0,2023,7
3126,2022-08-19,4,5,1.0,2022,8
3127,2023-04-09,4,5,5.0,2023,4
3128,2023-04-25,3,5,4.0,2023,4
3129,2023-03-31,4,2,4.0,2023,3
3130,2022-12-28,4,3,3.0,2022,12
3131,2022-08-07,3,2,5.0,2022,8
3132,2023-06-19,2,2,1.0,2023,6
3133,2022-09-21,1,5,1.0,2022,9
3134,2022-11-20,3,2,1.0,2022,11
3135,2022-10-24,1,2,1.0,2022,10
3136,2023-06-21,5,3,5.0,2023,6
3137,2023-03-23,1,2,4.0,2023,3
3138,2023-07-10,5,3,1.0,2023,7
3139,2022-11-29,3,2,1.0,2022,11
3140,2023-05-07,1,1,1.0,2023,5
3141,2023-02-16,3,1,4.0,2023,2
3142,2022-08-10,4,5,1.0,2022,8
3143,2023-07-31,1,4,1.0,2023,7
3144,2022-12-18,3,4,3.0,2022,12
3145,2023-06-13,1,2,1.0,2023,6
3146,2022-09-05,5,1,1.0,2022,9
3147,2023-07-24,2,2,5.0,2023,7
3148,2023-06-24,4,5,1.0,2023,6
3149,2023-03-31,2,1,4.0,2023,3
3150,2022-08-29,3,2,2.0,2022,8
3151,2023-02-24,3,3,1.0,2023,2
3152,2023-04-28,1,3,1.0,2023,4
3153,2022-11-04,1,5,3.0,2022,11
3154,2023-06-03,1,3,5.0,2023,6
3155,2022-08-18,2,5,4.0,2022,8
3156,2023-01-27,4,2,2.0,2023,1
3157,2023-04-11,4,1,3.0,2023,4
3158,2023-02-02,1,1,3.0,2023,2
3159,2023-04-23,1,1,2.0,2023,4
3160,2022-08-20,5,5,3.0,2022,8
3161,2023-07-15,1,5,4.0,2023,7
3162,2023-03-20,4,4,2.0,2023,3
3163,2023-03-19,2,4,5.0,2023,3
3164,2022-10-02,4,2,3.0,2022,10
3165,2023-06-17,1,5,5.0,2023,6
3166,2023-01-26,2,4,1.0,2023,1
3167,2023-02-27,5,2,1.0,2023,2
3168,2023-08-05,5,2,2.0,2023,8
3169,2023-04-27,3,2,3.0,2023,4
3170,2022-11-28,1,3,2.0,2022,11
3171,2023-01-08,4,1,5.0,2023,1
3172,2022-09-02,2,3,1.0,2022,9
3173,2023-07-13,5,4,3.0,2023,7
3174,2023-01-02,1,5,5.0,2023,1
3175,2023-02-03,5,4,1.0,2023,2
3176,2023-02-09,5,3,5.0,2023,2
3177,2023-04-20,3,4,2.0,2023,4
3178,2022-10-07,5,2,1.0,2022,10
3179,2023-05-27,5,2,1.0,2023,5
3180,2023-01-30,2,1,1.0,2023,1
3181,2023-04-05,5,4,1.0,2023,4
3182,2022-08-15,3,3,4.0,2022,8
3183,2023-05-06,1,1,4.0,2023,5
3184,2023-07-03,3,1,4.0,2023,7
3185,2022-08-20,5,4,5.0,2022,8
3186,2023-06-12,5,2,3.0,2023,6
3187,2023-01-02,4,2,2.0,2023,1
3188,2023-07-23,5,2,4.0,2023,7
3189,2023-02-17,4,3,4.0,2023,2
3190,2022-10-15,4,5,5.0,2022,10
3191,2023-02-24,1,2,2.0,2023,2
3192,2023-06-26,5,4,1.0,2023,6
3193,2023-08-05,1,1,5.0,2023,8
3194,2022-12-26,2,5,5.0,2022,12
3195,2023-03-23,5,4,1.0,2023,3
3196,2022-10-31,3,3,1.0,2022,10
3197,2022-09-20,5,5,2.0,2022,9
3198,2023-01-04,1,3,1.0,2023,1
3199,2022-08-31,1,4,4.0,2022,8
3200,2023-05-28,5,1,3.0,2023,5
3201,2022-12-27,1,4,5.0,2022,12
3202,2022-12-25,2,5,1.0,2022,12
3203,2022-11-11,4,4,2.0,2022,11
3204,2022-12-27,4,1,1.0,2022,12
3205,2022-11-03,3,1,3.0,2022,11
3206,2022-09-13,2,4,4.0,2022,9
3207,2023-01-13,4,4,5.0,2023,1
3208,2023-03-22,5,1,3.0,2023,3
3209,2023-01-13,3,3,1.0,2023,1
3210,2023-07-11,3,5,1.0,2023,7
3211,2022-10-09,1,5,3.0,2022,10
3212,2023-03-09,2,5,4.0,2023,3
3213,2023-01-08,2,5,1.0,2023,1
3214,2023-04-14,3,1,2.0,2023,4
3215,2022-11-12,4,3,5.0,2022,11
3216,2023-03-29,1,4,3.0,2023,3
3217,2022-11-01,1,2,1.0,2022,11
3218,2023-01-13,2,2,5.0,2023,1
3219,2023-02-06,3,3,4.0,2023,2
3220,2022-08-22,5,4,3.0,2022,8
3221,2023-04-01,1,3,5.0,2023,4
3222,2022-10-18,2,5,1.0,2022,10
3223,2022-11-11,4,4,2.0,2022,11
3224,2023-04-29,2,4,5.0,2023,4
3225,2022-09-30,3,1,1.0,2022,9
3226,2022-10-06,1,2,3.0,2022,10
3227,2022-11-21,3,5,2.0,2022,11
3228,2022-11-13,3,5,3.0,2022,11
3229,2022-09-29,4,3,4.0,2022,9
3230,2023-04-08,4,3,1.0,2023,4
3231,2022-12-11,5,3,3.0,2022,12
3232,2023-07-01,5,2,3.0,2023,7
3233,2022-12-31,5,3,1.0,2022,12
3234,2023-04-09,1,3,4.0,2023,4
3235,2022-10-22,3,4,1.0,2022,10
3236,2023-04-28,2,4,1.0,2023,4
3237,2023-02-10,5,1,2.0,2023,2
3238,2023-04-05,5,3,5.0,2023,4
3239,2023-06-13,5,2,5.0,2023,6
3240,2022-08-22,2,5,4.0,2022,8
3241,2023-06-03,1,5,3.0,2023,6
3242,2023-06-09,3,3,1.0,2023,6
3243,2022-11-25,2,3,1.0,2022,11
3244,2023-03-25,2,1,1.0,2023,3
3245,2022-11-18,3,5,2.0,2022,11
3246,2023-05-03,1,1,4.0,2023,5
3247,2023-06-26,2,5,4.0,2023,6
3248,2022-11-04,4,3,3.0,2022,11
3249,2023-02-03,3,2,5.0,2023,2
3250,2022-11-15,1,1,3.0,2022,11
3251,2023-04-09,5,1,2.0,2023,4
3252,2023-08-05,1,3,1.0,2023,8
3253,2023-03-28,1,3,1.0,2023,3
3254,2022-10-30,2,4,1.0,2022,10
3255,2023-02-17,1,4,1.0,2023,2
3256,2023-07-04,4,1,4.0,2023,7
3257,2022-10-09,1,3,5.0,2022,10
3258,2022-10-16,4,4,3.0,2022,10
3259,2022-11-07,5,2,1.0,2022,11
3260,2022-10-27,5,2,1.0,2022,10
3261,2023-06-07,2,2,1.0,2023,6
3262,2022-10-06,4,3,3.0,2022,10
3263,2023-06-18,1,3,2.0,2023,6
3264,2023-07-19,1,4,3.0,2023,7
3265,2022-09-10,4,3,2.0,2022,9
3266,2023-01-17,1,2,3.0,2023,1
3267,2023-06-14,1,5,2.0,2023,6
3268,2023-06-30,1,5,4.0,2023,6
3269,2022-11-30,1,5,2.0,2022,11
3270,2022-09-26,5,5,4.0,2022,9
3271,2023-03-12,1,5,1.0,2023,3
3272,2023-03-02,5,5,2.0,2023,3
3273,2023-05-05,4,5,4.0,2023,5
3274,2023-06-25,3,5,4.0,2023,6
3275,2023-06-25,1,2,3.0,2023,6
3276,2023-03-20,2,2,4.0,2023,3
3277,2023-01-07,3,2,3.0,2023,1
3278,2022-10-14,1,4,4.0,2022,10
3279,2023-04-01,5,2,1.0,2023,4
3280,2023-08-03,4,5,4.0,2023,8
3281,2023-02-27,4,4,4.0,2023,2
3282,2023-04-30,5,1,1.0,2023,4
3283,2022-10-19,1,3,3.0,2022,10
3284,2022-12-09,2,4,1.0,2022,12
3285,2023-05-29,3,3,3.0,2023,5
3286,2023-04-25,3,1,4.0,2023,4
3287,2023-03-31,5,1,2.0,2023,3
3288,2023-03-31,1,5,2.0,2023,3
3289,2023-06-13,3,5,1.0,2023,6
3290,2023-07-14,1,1,2.0,2023,7
3291,2023-06-28,1,1,3.0,2023,6
3292,2022-08-14,5,4,3.0,2022,8
3293,2023-06-29,5,3,4.0,2023,6
3294,2023-01-28,3,2,2.0,2023,1
3295,2022-08-11,1,2,1.0,2022,8
3296,2022-10-13,1,4,5.0,2022,10
3297,2022-10-22,2,3,3.0,2022,10
3298,2022-12-12,3,4,4.0,2022,12
3299,2023-01-31,4,1,2.0,2023,1
3300,2023-02-09,1,1,3.0,2023,2
3301,2022-11-10,2,2,2.0,2022,11
3302,2022-09-24,5,1,2.0,2022,9
3303,2023-03-08,1,2,1.0,2023,3
3304,2023-06-15,2,4,2.0,2023,6
3305,2022-08-08,5,4,5.0,2022,8
3306,2022-12-17,3,5,1.0,2022,12
3307,2022-10-23,2,4,1.0,2022,10
3308,2023-01-05,1,3,2.0,2023,1
3309,2023-05-31,2,3,5.0,2023,5
3310,2022-11-04,4,5,5.0,2022,11
3311,2023-07-31,5,2,1.0,2023,7
3312,2023-06-14,3,1,4.0,2023,6
3313,2023-05-31,1,2,2.0,2023,5
3314,2023-01-30,1,4,1.0,2023,1
3315,2023-06-20,5,3,4.0,2023,6
3316,2022-08-10,2,1,2.0,2022,8
3317,2023-03-11,1,5,5.0,2023,3
3318,2022-11-17,4,3,3.0,2022,11
3319,2022-08-05,5,3,4.0,2022,8
3320,2023-01-10,1,4,4.0,2023,1
3321,2023-01-05,4,1,3.0,2023,1
3322,2022-11-27,2,5,4.0,2022,11
3323,2022-11-09,5,3,5.0,2022,11
3324,2022-09-06,3,2,5.0,2022,9
3325,2023-03-20,4,5,5.0,2023,3
3326,2023-06-24,4,1,3.0,2023,6
3327,2022-12-13,5,1,1.0,2022,12
3328,2023-05-19,2,5,4.0,2023,5
3329,2022-12-03,4,4,3.0,2022,12
3330,2023-04-26,1,3,3.0,2023,4
3331,2022-08-26,1,5,5.0,2022,8
3332,2023-03-29,2,4,5.0,2023,3
3333,2022-12-23,2,3,1.0,2022,12
3334,2022-08-18,1,4,2.0,2022,8
3335,2022-12-01,5,1,3.0,2022,12
3336,2023-01-25,4,4,2.0,2023,1
3337,2023-02-21,5,5,2.0,2023,2
3338,2023-03-28,3,2,4.0,2023,3
3339,2023-08-01,1,1,3.0,2023,8
3340,2022-12-14,5,2,3.0,2022,12
3341,2023-03-20,3,5,3.0,2023,3
3342,2022-12-12,3,4,1.0,2022,12
3343,2023-07-21,4,2,5.0,2023,7
3344,2023-07-13,5,4,1.0,2023,7
3345,2023-02-22,1,1,3.0,2023,2
3346,2023-05-25,5,3,2.0,2023,5
3347,2023-05-06,4,2,1.0,2023,5
3348,2022-09-18,5,2,1.0,2022,9
3349,2022-12-01,1,4,3.0,2022,12
3350,2022-10-30,2,1,1.0,2022,10
3351,2023-02-14,4,2,3.0,2023,2
3352,2023-01-22,2,5,2.0,2023,1
3353,2023-01-11,2,3,2.0,2023,1
3354,2022-09-02,1,4,1.0,2022,9
3355,2023-07-08,1,3,3.0,2023,7
3356,2022-08-10,2,5,1.0,2022,8
3357,2022-12-07,3,3,1.0,2022,12
3358,2022-09-27,1,1,2.0,2022,9
3359,2023-04-29,3,1,3.0,2023,4
3360,2023-06-25,4,4,1.0,2023,6
3361,2023-03-23,1,3,3.0,2023,3
3362,2023-03-19,1,5,1.0,2023,3
3363,2023-06-22,4,4,2.0,2023,6
3364,2023-03-18,1,5,2.0,2023,3
3365,2023-07-25,1,1,4.0,2023,7
3366,2022-08-21,4,5,5.0,2022,8
3367,2022-09-11,4,1,5.0,2022,9
3368,2023-06-15,5,1,4.0,2023,6
3369,2023-06-16,2,5,4.0,2023,6
3370,2023-07-30,3,5,3.0,2023,7
3371,2022-08-08,4,2,5.0,2022,8
3372,2023-07-13,1,3,1.0,2023,7
3373,2023-08-03,2,4,4.0,2023,8
3374,2023-03-17,1,3,3.0,2023,3
3375,2023-01-24,2,4,3.0,2023,1
3376,2022-08-19,4,1,2.0,2022,8
3377,2022-12-19,3,5,3.0,2022,12
3378,2023-04-12,5,1,4.0,2023,4
3379,2022-12-31,2,1,4.0,2022,12
3380,2022-09-05,4,3,2.0,2022,9
3381,2022-10-03,1,5,2.0,2022,10
3382,2022-11-10,3,5,5.0,2022,11
3383,2022-11-12,3,2,3.0,2022,11
3384,2023-06-27,2,1,2.0,2023,6
3385,2022-12-21,2,1,4.0,2022,12
3386,2023-01-01,2,1,5.0,2023,1
3387,2023-04-19,1,3,4.0,2023,4
3388,2022-10-09,3,1,3.0,2022,10
3389,2023-02-11,2,3,1.0,2023,2
3390,2023-08-02,2,4,2.0,2023,8
3391,2023-07-05,4,3,1.0,2023,7
3392,2022-10-02,3,4,2.0,2022,10
3393,2023-05-21,3,4,4.0,2023,5
3394,2023-04-06,1,5,5.0,2023,4
3395,2023-05-30,4,4,3.0,2023,5
3396,2022-09-13,4,3,3.0,2022,9
3397,2023-03-22,3,3,2.0,2023,3
3398,2022-08-15,5,2,1.0,2022,8
3399,2023-05-23,4,4,5.0,2023,5
3400,2022-12-30,2,5,3.0,2022,12
3401,2022-11-06,4,4,1.0,2022,11
3402,2023-04-23,1,4,4.0,2023,4
3403,2023-03-06,4,4,3.0,2023,3
3404,2023-03-22,4,1,1.0,2023,3
3405,2022-08-16,2,1,1.0,2022,8
3406,2023-07-16,5,5,4.0,2023,7
3407,2023-05-09,1,3,5.0,2023,5
3408,2023-06-02,2,2,4.0,2023,6
3409,2022-10-03,5,5,4.0,2022,10
3410,2022-09-04,4,3,4.0,2022,9
3411,2022-10-30,2,3,2.0,2022,10
3412,2022-09-24,5,4,4.0,2022,9
3413,2022-12-22,1,2,5.0,2022,12
3414,2023-02-06,5,2,4.0,2023,2
3415,2023-06-08,2,5,1.0,2023,6
3416,2022-08-26,1,2,1.0,2022,8
3417,2023-05-21,2,5,5.0,2023,5
3418,2023-06-26,5,3,4.0,2023,6
3419,2022-11-25,2,5,2.0,2022,11
3420,2023-03-08,2,3,3.0,2023,3
3421,2023-02-15,5,4,2.0,2023,2
3422,2023-06-08,1,1,3.0,2023,6
3423,2022-09-19,4,5,3.0,2022,9
3424,2023-03-14,2,4,5.0,2023,3
3425,2022-12-25,5,2,3.0,2022,12
3426,2022-08-24,1,3,2.0,2022,8
3427,2023-01-14,1,2,3.0,2023,1
3428,2022-09-09,2,1,5.0,2022,9
3429,2023-05-27,1,2,1.0,2023,5
3430,2023-06-16,5,5,4.0,2023,6
3431,2022-11-25,2,5,3.0,2022,11
3432,2022-12-12,2,3,5.0,2022,12
3433,2023-03-25,1,5,2.0,2023,3
3434,2023-04-21,1,4,2.0,2023,4
3435,2022-12-09,4,3,3.0,2022,12
3436,2023-07-30,5,5,2.0,2023,7
3437,2022-10-15,3,2,5.0,2022,10
3438,2022-10-28,4,2,5.0,2022,10
3439,2022-10-30,1,2,5.0,2022,10
3440,2022-09-24,1,4,5.0,2022,9
3441,2022-10-30,4,2,5.0,2022,10
3442,2022-10-31,2,5,3.0,2022,10
3443,2023-04-29,2,2,4.0,2023,4
3444,2022-12-14,1,2,4.0,2022,12
3445,2023-05-07,4,5,2.0,2023,5
3446,2023-05-21,4,3,5.0,2023,5
3447,2023-05-08,5,1,4.0,2023,5
3448,2023-03-28,5,1,5.0,2023,3
3449,2023-06-30,3,2,1.0,2023,6
3450,2023-01-18,4,3,5.0,2023,1
3451,2023-04-29,5,1,2.0,2023,4
3452,2023-01-19,5,5,2.0,2023,1
3453,2022-09-17,5,5,3.0,2022,9
3454,2023-03-14,4,4,2.0,2023,3
3455,2022-08-12,2,1,1.0,2022,8
3456,2023-03-30,4,3,4.0,2023,3
3457,2023-04-21,5,1,4.0,2023,4
3458,2023-02-14,2,5,5.0,2023,2
3459,2022-10-26,4,4,3.0,2022,10
3460,2022-11-16,4,3,3.0,2022,11
3461,2023-04-24,1,4,4.0,2023,4
3462,2022-11-08,3,3,1.0,2022,11
3463,2022-09-18,4,3,4.0,2022,9
3464,2022-12-29,2,5,3.0,2022,12
3465,2023-05-19,5,4,3.0,2023,5
3466,2023-08-04,1,3,4.0,2023,8
3467,2023-06-27,4,3,2.0,2023,6
3468,2023-02-05,3,1,3.0,2023,2
3469,2023-08-01,5,5,1.0,2023,8
3470,2023-05-06,1,2,3.0,2023,5
3471,2023-04-30,2,4,1.0,2023,4
3472,2023-07-26,5,5,4.0,2023,7
3473,2023-06-28,3,4,4.0,2023,6
3474,2023-05-09,3,1,2.0,2023,5
3475,2023-01-25,4,3,4.0,2023,1
3476,2023-03-03,5,5,3.0,2023,3
3477,2022-12-05,1,2,1.0,2022,12
3478,2022-11-29,3,4,1.0,2022,11
3479,2022-11-03,4,4,4.0,2022,11
3480,2023-07-25,1,5,3.0,2023,7
3481,2023-03-02,5,2,4.0,2023,3
3482,2022-10-22,4,5,5.0,2022,10
3483,2022-10-23,1,4,5.0,2022,10
3484,2022-09-16,1,2,4.0,2022,9
3485,2023-05-07,2,1,3.0,2023,5
3486,2022-08-27,3,1,1.0,2022,8
3487,2022-09-23,5,4,1.0,2022,9
3488,2023-03-11,1,5,1.0,2023,3
3489,2022-12-03,2,4,5.0,2022,12
3490,2022-10-12,5,3,2.0,2022,10
3491,2022-09-10,3,4,5.0,2022,9
3492,2023-01-13,1,5,5.0,2023,1
3493,2023-04-02,3,1,5.0,2023,4
3494,2022-12-15,1,2,1.0,2022,12
3495,2022-09-08,4,3,5.0,2022,9
3496,2022-12-26,1,3,2.0,2022,12
3497,2022-09-18,2,3,4.0,2022,9
3498,2023-06-19,3,3,4.0,2023,6
3499,2023-07-21,5,3,5.0,2023,7
3500,2023-05-14,4,1,4.0,2023,5
3501,2023-02-20,2,3,4.0,2023,2
3502,2023-04-24,5,3,5.0,2023,4
3503,2023-01-28,5,2,3.0,2023,1
3504,2023-04-20,3,4,3.0,2023,4
3505,2022-11-10,4,3,2.0,2022,11
3506,2023-06-27,2,2,3.0,2023,6
3507,2023-03-31,2,5,2.0,2023,3
3508,2023-04-17,1,5,4.0,2023,4
3509,2022-12-03,4,5,2.0,2022,12
3510,2022-08-22,2,4,3.0,2022,8
3511,2023-05-11,5,4,5.0,2023,5
3512,2023-02-20,5,1,3.0,2023,2
3513,2023-05-11,4,1,3.0,2023,5
3514,2022-08-25,2,1,1.0,2022,8
3515,2023-07-03,3,5,5.0,2023,7
3516,2022-11-15,2,3,5.0,2022,11
3517,2023-01-01,4,1,1.0,2023,1
3518,2023-05-13,4,2,5.0,2023,5
3519,2023-06-10,1,3,4.0,2023,6
3520,2022-09-17,5,1,1.0,2022,9
3521,2022-09-19,1,3,3.0,2022,9
3522,2023-07-14,1,5,4.0,2023,7
3523,2023-02-27,3,2,3.0,2023,2
3524,2023-05-19,3,2,4.0,2023,5
3525,2023-02-01,1,2,1.0,2023,2
3526,2023-01-28,1,5,3.0,2023,1
3527,2023-02-27,1,3,2.0,2023,2
3528,2023-05-27,5,2,2.0,2023,5
3529,2023-07-15,2,3,4.0,2023,7
3530,2022-11-27,1,2,5.0,2022,11
3531,2023-02-24,2,4,4.0,2023,2
3532,2022-10-08,2,2,5.0,2022,10
3533,2023-01-08,2,5,2.0,2023,1
3534,2023-04-14,4,3,2.0,2023,4
3535,2022-11-01,1,5,1.0,2022,11
3536,2022-10-09,1,2,4.0,2022,10
3537,2022-09-09,4,2,5.0,2022,9
3538,2023-04-20,1,5,4.0,2023,4
3539,2023-02-06,3,3,4.0,2023,2
3540,2023-06-25,2,2,3.0,2023,6
3541,2022-11-28,1,3,3.0,2022,11
3542,2022-10-18,2,3,4.0,2022,10
3543,2023-02-11,4,5,5.0,2023,2
3544,2022-09-14,3,5,3.0,2022,9
3545,2023-05-27,2,5,2.0,2023,5
3546,2023-05-10,2,5,5.0,2023,5
3547,2022-12-24,2,4,2.0,2022,12
3548,2022-10-06,5,5,3.0,2022,10
3549,2023-04-19,1,4,1.0,2023,4
3550,2023-01-23,3,5,4.0,2023,1
3551,2023-06-03,4,4,3.0,2023,6
3552,2022-10-14,3,4,2.0,2022,10
3553,2022-10-30,4,2,4.0,2022,10
3554,2023-06-07,2,1,2.0,2023,6
3555,2023-01-13,2,5,1.0,2023,1
3556,2023-06-11,2,2,3.0,2023,6
3557,2023-04-20,4,5,2.0,2023,4
3558,2022-10-05,2,5,3.0,2022,10
3559,2022-12-27,3,2,1.0,2022,12
3560,2023-01-09,2,4,5.0,2023,1
3561,2022-11-20,2,1,5.0,2022,11
3562,2022-11-27,2,1,3.0,2022,11
3563,2023-01-31,4,1,3.0,2023,1
3564,2023-03-12,4,4,3.0,2023,3
3565,2022-09-29,5,5,5.0,2022,9
3566,2023-01-27,1,2,3.0,2023,1
3567,2023-08-04,2,3,2.0,2023,8
3568,2023-02-07,2,4,1.0,2023,2
3569,2022-12-24,1,3,5.0,2022,12
3570,2023-01-02,2,5,3.0,2023,1
3571,2022-11-23,4,1,5.0,2022,11
3572,2022-12-05,5,5,5.0,2022,12
3573,2022-12-31,4,1,1.0,2022,12
3574,2023-07-07,3,3,3.0,2023,7
3575,2023-06-26,5,1,5.0,2023,6
3576,2023-03-23,2,3,3.0,2023,3
3577,2022-08-14,5,4,5.0,2022,8
3578,2022-10-14,1,4,2.0,2022,10
3579,2023-04-27,5,3,3.0,2023,4
3580,2022-10-21,2,4,3.0,2022,10
3581,2022-08-29,3,4,4.0,2022,8
3582,2022-09-17,2,2,5.0,2022,9
3583,2023-07-05,4,1,4.0,2023,7
3584,2023-05-28,2,2,5.0,2023,5
3585,2023-01-12,1,2,3.0,2023,1
3586,2023-01-31,4,2,4.0,2023,1
3587,2023-05-24,1,2,2.0,2023,5
3588,2023-05-10,4,2,1.0,2023,5
3589,2022-09-18,2,3,2.0,2022,9
3590,2022-12-06,2,5,4.0,2022,12
3591,2023-07-27,2,1,4.0,2023,7
3592,2022-11-15,4,1,2.0,2022,11
3593,2022-10-07,4,4,3.0,2022,10
3594,2023-01-23,1,5,1.0,2023,1
3595,2023-01-19,2,3,1.0,2023,1
3596,2022-10-19,4,3,4.0,2022,10
3597,2022-10-27,5,4,4.0,2022,10
3598,2023-07-01,2,5,4.0,2023,7
3599,2023-03-02,4,4,2.0,2023,3
3600,2023-07-04,2,1,4.0,2023,7
3601,2022-09-01,1,1,2.0,2022,9
3602,2023-08-04,3,3,3.0,2023,8
3603,2022-10-08,5,1,3.0,2022,10
3604,2022-12-15,3,5,4.0,2022,12
3605,2023-07-09,5,1,3.0,2023,7
3606,2023-03-27,3,5,1.0,2023,3
3607,2023-07-18,2,4,1.0,2023,7
3608,2023-01-12,1,3,1.0,2023,1
3609,2022-11-05,2,2,4.0,2022,11
3610,2022-12-14,4,5,5.0,2022,12
3611,2022-09-16,2,3,4.0,2022,9
3612,2023-07-07,5,3,3.0,2023,7
3613,2022-10-13,1,5,2.0,2022,10
3614,2023-07-04,4,5,1.0,2023,7
3615,2023-02-06,3,1,4.0,2023,2
3616,2023-08-04,1,1,1.0,2023,8
3617,2023-02-26,2,3,3.0,2023,2
3618,2022-12-06,3,4,5.0,2022,12
3619,2023-04-30,1,5,2.0,2023,4
3620,2022-08-29,1,2,2.0,2022,8
3621,2023-06-23,2,3,2.0,2023,6
3622,2023-07-26,3,1,5.0,2023,7
3623,2022-12-04,2,2,5.0,2022,12
3624,2023-01-09,2,2,2.0,2023,1
3625,2022-08-28,5,2,4.0,2022,8
3626,2023-02-24,2,5,1.0,2023,2
3627,2023-01-29,1,1,4.0,2023,1
3628,2023-05-27,4,3,1.0,2023,5
3629,2022-11-18,2,4,4.0,2022,11
3630,2022-10-19,5,3,2.0,2022,10
3631,2023-02-10,4,1,5.0,2023,2
3632,2023-02-27,3,4,5.0,2023,2
3633,2022-11-04,4,4,4.0,2022,11
3634,2023-06-25,2,5,2.0,2023,6
3635,2022-10-07,1,5,4.0,2022,10
3636,2022-12-08,3,5,3.0,2022,12
3637,2023-05-07,2,1,3.0,2023,5
3638,2023-05-15,4,5,1.0,2023,5
3639,2023-03-17,3,2,3.0,2023,3
3640,2023-07-25,2,1,2.0,2023,7
3641,2022-11-07,2,5,4.0,2022,11
3642,2022-10-08,4,1,2.0,2022,10
3643,2023-06-18,1,5,3.0,2023,6
3644,2022-11-11,4,4,4.0,2022,11
3645,2023-06-08,1,3,3.0,2023,6
3646,2023-07-30,5,4,4.0,2023,7
3647,2022-12-28,2,4,4.0,2022,12
3648,2022-09-28,3,3,5.0,2022,9
3649,2022-09-08,1,2,2.0,2022,9
3650,2023-06-30,3,2,4.0,2023,6
3651,2022-10-25,1,4,1.0,2022,10
3652,2022-09-01,1,5,2.0,2022,9
3653,2023-05-31,4,4,3.0,2023,5
3654,2023-01-02,2,4,1.0,2023,1
3655,2023-04-05,1,5,1.0,2023,4
3656,2022-11-14,5,3,2.0,2022,11
3657,2023-03-26,4,2,4.0,2023,3
3658,2023-08-02,5,4,2.0,2023,8
3659,2022-08-26,3,1,5.0,2022,8
3660,2022-08-30,3,2,4.0,2022,8
3661,2023-07-06,3,2,5.0,2023,7
3662,2023-07-14,3,5,3.0,2023,7
3663,2023-04-26,2,3,4.0,2023,4
3664,2023-05-30,5,3,2.0,2023,5
3665,2023-03-02,5,2,1.0,2023,3
3666,2023-04-26,5,2,1.0,2023,4
3667,2022-11-18,1,1,2.0,2022,11
3668,2023-06-29,1,5,1.0,2023,6
3669,2023-04-11,4,2,4.0,2023,4
3670,2022-08-16,2,2,3.0,2022,8
3671,2023-01-10,3,4,5.0,2023,1
3672,2022-11-30,3,2,4.0,2022,11
3673,2023-06-08,3,3,1.0,2023,6
3674,2023-04-02,4,4,3.0,2023,4
3675,2023-05-05,5,3,2.0,2023,5
3676,2022-09-07,3,4,1.0,2022,9
3677,2023-07-25,3,5,5.0,2023,7
3678,2022-11-20,3,4,4.0,2022,11
3679,2022-10-26,4,2,5.0,2022,10
3680,2023-04-23,3,2,3.0,2023,4
3681,2022-08-13,5,2,5.0,2022,8
3682,2023-07-30,3,3,3.0,2023,7
3683,2022-10-25,2,1,5.0,2022,10
3684,2023-04-16,5,5,3.0,2023,4
3685,2023-01-03,4,3,4.0,2023,1
3686,2023-01-03,3,3,1.0,2023,1
3687,2022-09-02,2,4,5.0,2022,9
3688,2022-12-02,4,4,4.0,2022,12
3689,2022-08-17,4,4,3.0,2022,8
3690,2023-05-31,4,3,5.0,2023,5
3691,2022-12-07,1,1,5.0,2022,12
3692,2023-02-17,4,5,3.0,2023,2
3693,2023-04-09,3,1,1.0,2023,4
3694,2023-03-20,3,3,5.0,2023,3
3695,2022-08-28,1,1,4.0,2022,8
3696,2022-12-01,2,1,2.0,2022,12
3697,2023-07-20,3,4,1.0,2023,7
3698,2023-01-19,2,5,4.0,2023,1
3699,2023-06-21,2,4,3.0,2023,6
3700,2023-01-18,4,1,1.0,2023,1
3701,2023-06-10,4,1,4.0,2023,6
3702,2023-02-24,2,4,1.0,2023,2
3703,2023-06-02,5,5,5.0,2023,6
3704,2023-07-07,2,4,5.0,2023,7
3705,2023-05-25,3,1,4.0,2023,5
3706,2023-07-17,2,1,4.0,2023,7
3707,2023-03-24,3,2,4.0,2023,3
3708,2022-08-21,5,5,2.0,2022,8
3709,2023-05-08,3,5,3.0,2023,5
3710,2023-02-28,5,5,3.0,2023,2
3711,2022-12-14,4,3,3.0,2022,12
3712,2023-01-25,2,3,1.0,2023,1
3713,2022-10-30,3,4,1.0,2022,10
3714,2023-07-21,3,5,2.0,2023,7
3715,2023-05-20,1,1,4.0,2023,5
3716,2022-11-19,5,3,3.0,2022,11
3717,2023-01-01,4,1,3.0,2023,1
3718,2022-10-05,1,1,3.0,2022,10
3719,2022-11-27,1,2,1.0,2022,11
3720,2023-05-15,2,1,5.0,2023,5
3721,2023-02-07,5,4,5.0,2023,2
3722,2023-06-01,1,5,5.0,2023,6
3723,2023-06-18,2,1,4.0,2023,6
3724,2023-02-04,1,2,5.0,2023,2
3725,2023-05-17,4,3,3.0,2023,5
3726,2022-10-01,1,4,1.0,2022,10
3727,2022-10-11,1,2,5.0,2022,10
3728,2023-04-18,5,1,2.0,2023,4
3729,2023-03-19,4,5,3.0,2023,3
3730,2023-02-20,4,5,5.0,2023,2
3731,2023-04-11,2,4,1.0,2023,4
3732,2022-12-12,3,4,4.0,2022,12
3733,2023-08-05,1,3,5.0,2023,8
3734,2023-07-31,4,5,2.0,2023,7
3735,2023-02-03,4,4,4.0,2023,2
3736,2022-09-14,3,1,3.0,2022,9
3737,2022-09-09,2,5,1.0,2022,9
3738,2022-09-19,3,3,5.0,2022,9
3739,2023-05-23,1,3,4.0,2023,5
3740,2023-06-23,2,2,4.0,2023,6
3741,2022-09-01,2,5,4.0,2022,9
3742,2023-01-07,2,1,1.0,2023,1
3743,2022-08-11,2,1,3.0,2022,8
3744,2022-09-05,4,3,2.0,2022,9
3745,2023-01-13,5,4,4.0,2023,1
3746,2022-11-06,2,1,5.0,2022,11
3747,2023-04-26,2,5,5.0,2023,4
3748,2022-11-18,4,1,3.0,2022,11
3749,2023-04-01,1,3,3.0,2023,4
3750,2022-12-07,4,1,5.0,2022,12
3751,2023-04-05,1,1,4.0,2023,4
3752,2023-08-04,3,1,5.0,2023,8
3753,2023-02-23,1,3,2.0,2023,2
3754,2023-04-23,3,3,5.0,2023,4
3755,2023-07-11,5,4,2.0,2023,7
3756,2022-11-23,1,5,3.0,2022,11
3757,2023-07-24,4,4,5.0,2023,7
3758,2022-10-04,2,1,1.0,2022,10
3759,2022-11-28,3,4,1.0,2022,11
3760,2022-10-28,4,3,1.0,2022,10
3761,2023-05-30,2,4,1.0,2023,5
3762,2022-08-06,2,1,1.0,2022,8
3763,2023-07-09,3,2,5.0,2023,7
3764,2023-07-11,2,1,5.0,2023,7
3765,2023-01-02,1,1,2.0,2023,1
3766,2023-05-12,4,4,5.0,2023,5
3767,2023-07-09,2,5,3.0,2023,7
3768,2023-01-27,2,4,1.0,2023,1
3769,2022-09-25,3,5,3.0,2022,9
3770,2023-05-06,1,3,3.0,2023,5
3771,2022-09-25,2,2,4.0,2022,9
3772,2022-09-10,2,5,1.0,2022,9
3773,2022-10-16,1,5,2.0,2022,10
3774,2023-04-11,5,3,1.0,2023,4
3775,2023-04-15,2,1,3.0,2023,4
3776,2022-12-13,4,1,5.0,2022,12
3777,2022-10-28,4,3,2.0,2022,10
3778,2023-02-06,1,5,3.0,2023,2
3779,2023-06-18,4,1,1.0,2023,6
3780,2023-05-21,2,3,2.0,2023,5
3781,2022-08-09,5,3,1.0,2022,8
3782,2023-07-19,1,5,1.0,2023,7
3783,2023-03-07,3,4,3.0,2023,3
3784,2023-03-04,3,3,2.0,2023,3
3785,2023-05-05,3,2,2.0,2023,5
3786,2022-12-29,3,4,2.0,2022,12
3787,2023-03-06,1,2,1.0,2023,3
3788,2023-05-05,3,4,2.0,2023,5
3789,2022-09-25,3,1,4.0,2022,9
3790,2023-07-31,3,2,1.0,2023,7
3791,2022-09-07,4,1,1.0,2022,9
3792,2022-09-25,2,2,2.0,2022,9
3793,2023-05-15,2,3,3.0,2023,5
3794,2022-12-05,1,1,3.0,2022,12
3795,2022-09-29,4,3,2.0,2022,9
3796,2023-06-28,1,5,2.0,2023,6
3797,2022-09-03,3,4,2.0,2022,9
3798,2022-11-08,1,1,1.0,2022,11
3799,2022-12-24,3,1,3.0,2022,12
3800,2022-12-08,5,3,5.0,2022,12
3801,2022-11-27,2,1,4.0,2022,11
3802,2023-01-09,3,3,5.0,2023,1
3803,2022-12-07,1,2,5.0,2022,12
3804,2023-03-07,3,2,2.0,2023,3
3805,2022-12-31,2,5,2.0,2022,12
3806,2023-03-13,4,1,5.0,2023,3
3807,2022-08-17,4,5,4.0,2022,8
3808,2023-01-27,5,4,4.0,2023,1
3809,2022-09-04,3,1,5.0,2022,9
3810,2022-12-22,3,3,1.0,2022,12
3811,2023-05-18,1,1,1.0,2023,5
3812,2023-01-11,3,3,1.0,2023,1
3813,2023-06-06,2,3,4.0,2023,6
3814,2023-07-08,4,1,2.0,2023,7
3815,2023-02-23,1,5,3.0,2023,2
3816,2022-12-26,1,1,5.0,2022,12
3817,2023-06-24,3,3,1.0,2023,6
3818,2023-01-28,1,1,3.0,2023,1
3819,2023-07-01,4,1,1.0,2023,7
3820,2023-07-26,1,3,4.0,2023,7
3821,2022-12-05,5,4,4.0,2022,12
3822,2023-03-23,4,4,5.0,2023,3
3823,2022-11-16,5,4,1.0,2022,11
3824,2023-02-13,4,4,5.0,2023,2
3825,2022-12-22,4,4,2.0,2022,12
3826,2022-11-17,2,1,3.0,2022,11
3827,2022-12-25,3,3,4.0,2022,12
3828,2023-02-21,2,5,1.0,2023,2
3829,2022-10-30,3,2,1.0,2022,10
3830,2022-12-28,1,1,3.0,2022,12
3831,2023-05-19,3,2,5.0,2023,5
3832,2022-11-03,1,4,5.0,2022,11
3833,2023-02-04,3,5,2.0,2023,2
3834,2023-01-25,3,5,5.0,2023,1
3835,2022-10-01,5,3,1.0,2022,10
3836,2023-03-04,2,3,5.0,2023,3
3837,2022-10-15,5,3,1.0,2022,10
3838,2022-12-05,1,1,2.0,2022,12
3839,2023-04-04,3,3,4.0,2023,4
3840,2023-02-03,1,5,4.0,2023,2
3841,2023-05-18,5,4,4.0,2023,5
3842,2023-07-31,2,5,5.0,2023,7
3843,2022-11-16,3,5,5.0,2022,11
3844,2023-02-01,3,2,5.0,2023,2
3845,2023-08-05,4,5,3.0,2023,8
3846,2023-01-27,4,5,1.0,2023,1
3847,2022-10-04,5,3,1.0,2022,10
3848,2022-10-02,5,1,4.0,2022,10
3849,2022-09-07,3,3,1.0,2022,9
3850,2022-10-15,1,3,5.0,2022,10
3851,2022-08-27,5,2,1.0,2022,8
3852,2023-05-30,5,2,4.0,2023,5
3853,2023-02-04,1,3,3.0,2023,2
3854,2023-07-18,5,2,5.0,2023,7
3855,2023-04-24,5,3,4.0,2023,4
3856,2023-01-17,5,1,4.0,2023,1
3857,2022-09-18,1,1,2.0,2022,9
3858,2023-05-07,3,3,1.0,2023,5
3859,2023-08-02,1,2,5.0,2023,8
3860,2023-06-26,2,4,3.0,2023,6
3861,2023-07-19,3,1,5.0,2023,7
3862,2023-01-08,3,1,3.0,2023,1
3863,2022-11-23,4,2,1.0,2022,11
3864,2022-11-11,3,4,2.0,2022,11
3865,2023-05-26,1,4,3.0,2023,5
3866,2022-09-16,2,1,5.0,2022,9
3867,2022-10-31,5,3,3.0,2022,10
3868,2022-09-16,3,1,2.0,2022,9
3869,2023-01-07,1,4,2.0,2023,1
3870,2023-02-13,1,5,1.0,2023,2
3871,2023-07-15,4,5,2.0,2023,7
3872,2022-08-15,5,5,3.0,2022,8
3873,2023-03-25,3,4,5.0,2023,3
3874,2022-10-01,4,4,5.0,2022,10
3875,2023-02-02,5,5,1.0,2023,2
3876,2022-11-07,3,2,5.0,2022,11
3877,2023-06-30,3,3,4.0,2023,6
3878,2023-02-23,4,4,1.0,2023,2
3879,2022-12-22,1,5,2.0,2022,12
3880,2022-09-18,4,3,1.0,2022,9
3881,2022-10-20,5,3,5.0,2022,10
3882,2022-09-19,5,3,3.0,2022,9
3883,2023-03-13,2,2,1.0,2023,3
3884,2023-07-30,4,2,3.0,2023,7
3885,2023-07-30,5,5,5.0,2023,7
3886,2022-08-30,5,2,5.0,2022,8
3887,2022-11-04,2,3,5.0,2022,11
3888,2023-05-02,3,1,4.0,2023,5
3889,2023-01-26,2,1,1.0,2023,1
3890,2022-10-24,2,3,3.0,2022,10
3891,2023-07-06,3,2,2.0,2023,7
3892,2023-07-11,5,4,2.0,2023,7
3893,2023-01-26,3,1,2.0,2023,1
3894,2022-08-14,4,3,5.0,2022,8
3895,2023-07-16,2,1,2.0,2023,7
3896,2023-02-14,5,3,1.0,2023,2
3897,2023-02-28,5,4,3.0,2023,2
3898,2022-11-04,4,5,1.0,2022,11
3899,2023-02-04,4,5,4.0,2023,2
3900,2023-03-09,5,2,1.0,2023,3
3901,2023-07-10,1,2,5.0,2023,7
3902,2023-02-02,3,1,1.0,2023,2
3903,2023-02-04,1,4,3.0,2023,2
3904,2022-09-13,4,4,1.0,2022,9
3905,2023-06-12,5,5,5.0,2023,6
3906,2023-01-18,3,2,4.0,2023,1
3907,2023-03-07,3,2,5.0,2023,3
3908,2022-12-25,2,5,3.0,2022,12
3909,2023-05-18,1,1,2.0,2023,5
3910,2022-11-29,5,3,4.0,2022,11
3911,2023-06-06,2,5,4.0,2023,6
3912,2023-07-23,1,3,4.0,2023,7
3913,2022-09-15,2,2,5.0,2022,9
3914,2023-03-15,3,5,3.0,2023,3
3915,2023-02-01,5,3,1.0,2023,2
3916,2023-03-22,1,3,1.0,2023,3
3917,2022-09-24,3,1,4.0,2022,9
3918,2023-05-30,3,3,5.0,2023,5
3919,2023-05-02,3,3,2.0,2023,5
3920,2022-11-14,2,1,4.0,2022,11
3921,2023-06-30,4,3,2.0,2023,6
3922,2023-02-15,5,3,1.0,2023,2
3923,2022-10-27,2,4,3.0,2022,10
3924,2022-11-07,2,4,5.0,2022,11
3925,2023-04-27,1,3,3.0,2023,4
3926,2023-07-15,4,1,4.0,2023,7
3927,2023-05-04,5,4,1.0,2023,5
3928,2023-01-04,4,2,1.0,2023,1
3929,2022-10-28,2,5,2.0,2022,10
3930,2023-05-06,4,4,4.0,2023,5
3931,2022-09-30,2,1,5.0,2022,9
3932,2023-06-23,5,5,4.0,2023,6
3933,2023-03-27,3,4,5.0,2023,3
3934,2023-04-07,3,3,2.0,2023,4
3935,2023-04-05,5,1,4.0,2023,4
3936,2023-03-25,5,3,4.0,2023,3
3937,2022-11-21,1,3,1.0,2022,11
3938,2022-12-16,1,1,1.0,2022,12
3939,2023-01-09,5,2,4.0,2023,1
3940,2022-12-25,5,4,3.0,2022,12
3941,2023-01-26,2,3,3.0,2023,1
3942,2023-02-02,3,4,1.0,2023,2
3943,2022-08-06,5,2,2.0,2022,8
3944,2023-02-26,5,3,4.0,2023,2
3945,2023-01-03,4,4,2.0,2023,1
3946,2023-07-23,1,3,4.0,2023,7
3947,2023-07-28,4,3,1.0,2023,7
3948,2023-03-10,4,4,2.0,2023,3
3949,2023-04-22,5,2,5.0,2023,4
3950,2022-10-18,2,3,5.0,2022,10
3951,2023-04-01,4,1,3.0,2023,4
3952,2022-12-13,1,4,1.0,2022,12
3953,2023-03-16,3,4,4.0,2023,3
3954,2023-06-18,5,1,5.0,2023,6
3955,2023-06-10,2,1,1.0,2023,6
3956,2022-09-26,4,5,2.0,2022,9
3957,2023-06-07,3,2,4.0,2023,6
3958,2023-04-10,5,3,1.0,2023,4
3959,2023-06-30,5,4,5.0,2023,6
3960,2023-07-14,3,4,1.0,2023,7
3961,2022-11-20,2,5,2.0,2022,11
3962,2023-05-30,4,3,3.0,2023,5
3963,2023-07-28,4,1,5.0,2023,7
3964,2023-03-28,5,2,3.0,2023,3
3965,2023-06-08,4,1,2.0,2023,6
3966,2022-10-03,5,5,5.0,2022,10
3967,2023-01-05,5,3,4.0,2023,1
3968,2022-12-14,5,5,1.0,2022,12
3969,2022-08-09,4,5,2.0,2022,8
3970,2023-01-14,5,1,5.0,2023,1
3971,2023-03-23,3,3,2.0,2023,3
3972,2022-10-29,5,4,1.0,2022,10
3973,2022-08-17,3,2,1.0,2022,8
3974,2023-04-04,4,5,1.0,2023,4
3975,2022-11-27,1,4,3.0,2022,11
3976,2023-04-25,4,5,1.0,2023,4
3977,2023-01-06,1,5,4.0,2023,1
3978,2022-09-04,4,3,5.0,2022,9
3979,2022-12-09,3,5,2.0,2022,12
3980,2022-10-03,4,2,5.0,2022,10
3981,2022-10-31,1,2,4.0,2022,10
3982,2022-10-09,1,1,1.0,2022,10
3983,2022-12-03,4,3,1.0,2022,12
3984,2023-02-24,5,5,4.0,2023,2
3985,2022-09-28,5,4,2.0,2022,9
3986,2022-10-08,4,3,2.0,2022,10
3987,2022-12-22,5,4,1.0,2022,12
3988,2023-05-20,5,2,5.0,2023,5
3989,2023-04-26,2,1,1.0,2023,4
3990,2022-08-27,2,2,1.0,2022,8
3991,2022-10-11,2,3,2.0,2022,10
3992,2023-07-14,4,3,1.0,2023,7
3993,2022-10-16,3,4,4.0,2022,10
3994,2023-02-14,3,5,2.0,2023,2
3995,2023-01-05,4,5,2.0,2023,1
3996,2023-04-14,3,5,1.0,2023,4
3997,2022-09-10,2,4,1.0,2022,9
3998,2023-02-22,5,5,2.0,2023,2
3999,2022-10-02,5,4,2.0,2022,10
4000,2023-04-21,3,2,1.0,2023,4
